Category,Topic,Characteristic,City of Toronto,Agincourt North,Agincourt South-Malvern West,Alderwood,Annex,Banbury-Don Mills,Bathurst Manor,Bay Street Corridor,Bayview Village,Bayview Woods-Steeles,Bedford Park-Nortown,Beechborough-Greenbrook,Bendale,Birchcliffe-Cliffside,Black Creek,Blake-Jones,Briar Hill-Belgravia,Bridle Path-Sunnybrook-York Mills,Broadview North,Brookhaven-Amesbury,Cabbagetown-South St. James Town,Caledonia-Fairbank,Casa Loma,Centennial Scarborough,Church-Yonge Corridor,Clairlea-Birchmount,Clanton Park,Cliffcrest,Corso Italia-Davenport,Danforth,Danforth East York,Don Valley Village,Dorset Park,Dovercourt-Wallace Emerson-Junction,Downsview-Roding-CFB,Dufferin Grove,East End-Danforth,Edenbridge-Humber Valley,Eglinton East,Elms-Old Rexdale,Englemount-Lawrence,Eringate-Centennial-West Deane,Etobicoke West Mall,Flemingdon Park,Forest Hill North,Forest Hill South,Glenfield-Jane Heights,Greenwood-Coxwell,Guildwood,Henry Farm,High Park North,High Park-Swansea,Highland Creek,Hillcrest Village,Humber Heights-Westmount,Humber Summit,Humbermede,Humewood-Cedarvale,Ionview,Islington-City Centre West,Junction Area,Keelesdale-Eglinton West,Kennedy Park,Kensington-Chinatown,Kingsview Village-The Westway,Kingsway South,Lambton Baby Point,L'Amoreaux,Lansing-Westgate,Lawrence Park North,Lawrence Park South,Leaside-Bennington,Little Portugal,Long Branch,Malvern,Maple Leaf,Markland Wood,Milliken,Mimico (includes Humber Bay Shores),Morningside,Moss Park,Mount Dennis,Mount Olive-Silverstone-Jamestown,Mount Pleasant East,Mount Pleasant West,New Toronto,Newtonbrook East,Newtonbrook West,Niagara,North Riverdale,North St. James Town,Oakridge,Oakwood Village,O'Connor-Parkview,Old East York,Palmerston-Little Italy,Parkwoods-Donalda,Pelmo Park-Humberlea,Playter Estates-Danforth,Pleasant View,Princess-Rosethorn,Regent Park,Rexdale-Kipling,Rockcliffe-Smythe,Roncesvalles,Rosedale-Moore Park,Rouge,Runnymede-Bloor West Village,Rustic,Scarborough Village,South Parkdale,South Riverdale,St.Andrew-Windfields,Steeles,Stonegate-Queensway,Tam O'Shanter-Sullivan,Taylor-Massey,The Beaches,Thistletown-Beaumond Heights,Thorncliffe Park,Trinity-Bellwoods,University,Victoria Village,Waterfront Communities-The Island,West Hill,West Humber-Clairville,Westminster-Branson,Weston,Weston-Pelham Park,Wexford/Maryvale,Willowdale East,Willowdale West,Willowridge-Martingrove-Richview,Woburn,Woodbine Corridor,Woodbine-Lumsden,Wychwood,Yonge-Eglinton,Yonge-St.Clair,York University Heights,Yorkdale-Glen Park
Income,Income of individuals in 2015,Total - After-tax income groups in 2015 for the population aged 15 years and over in private households - 100% data,"2,294,790","24,995","20,395","10,265","26,305","23,390","13,265","23,940","18,735","11,150","18,560","5,250","24,610","18,345","16,965","6,280","12,360","7,750","9,880","14,355","10,195","8,420","9,580","11,190","29,095","21,740","13,660","13,250","12,170","7,950","14,060","22,760","20,130","31,825","29,215","10,430","17,295","13,070","18,075","7,640","17,090","15,890","9,770","17,540","10,615","9,260","24,435","11,915","8,360","13,205","18,980","19,810","10,930","14,795","8,665","10,260","12,585","12,065","11,300","37,405","12,005","9,435","14,320","16,145","17,745",7590,6280,"37,375","13,650","11,280","12,270","13,355","13,655","8,720","35,880","8,365","9,110","22,370","29,835","14,275","17,025","10,870","25,740","13,780","26,550","9,680","13,950","20,825","28,395","9,735","16,080","10,750","17,835","15,395","7,745","12,495","28,890","8,975",6490,"13,760","9,275","9,040","8,725","18,735","12,575","18,000","38,125","8,025","7,825","13,075","18,585","23,135","15,040","21,120","20,840","23,145","12,535","17,615","8,395","15,250","14,490","6,170","14,555","61,985","22,395","27,845","22,645","14,610","9,415","23,335","44,340","14,930","18,580","43,420","10,100",6680,"11,340","10,000","11,175","23,520","12,060"
Income,Income of individuals in 2015,  Without after-tax income,"107,450","1,365","1,105",335,620,"1,000",585,"1,045",975,570,875,310,"1,425",780,"1,140",305,580,445,335,860,220,395,265,565,705,"1,270",625,720,505,260,495,"1,235","1,170","1,060","1,495",300,760,500,"1,120",475,"1,010",680,485,"1,335",410,255,"1,520",445,335,880,700,635,505,755,345,610,780,395,715,"1,385",450,555,835,430,"1,010",275,325,"2,030",620,535,550,635,305,295,"2,335",430,330,"1,185",865,825,425,610,"1,890",580,965,375,735,"1,155",460,295,735,730,735,860,305,260,"1,770",455,195,720,435,470,455,945,445,660,"2,155",320,480,870,585,740,820,"1,045",735,"1,210",785,685,455,"1,355",320,155,770,"1,375","1,340","1,585","1,200",730,455,"1,225","2,815",665,845,"2,745",340,220,340,410,265,"1,255",600
Income,Income of individuals in 2015,  With after-tax income,"2,187,340","23,640","19,295","9,925","25,675","22,400","12,680","22,900","17,755","10,580","17,685","4,945","23,185","17,580","15,815","5,985","11,785","7,305","9,545","13,480","9,975","8,025",9325,"10,630","28,390","20,470","13,035","12,525","11,670",7690,"13,555","21,520","18,960","30,765","27,725","10,120","16,535","12,565","16,950","7,165","16,080","15,220","9,290","16,210","10,200",9015,"22,900","11,485",8020,"12,325","18,280","19,175","10,420","14,050","8,315","9,640","11,805","11,670","10,580","36,015","11,545","8,875","13,485","15,715","16,745",7305,5955,"35,355","13,030",10750,11715,"12,725","13,350","8,430","33,525","7,945","8,775","21,200","28,975","13,450","16,610","10,260","23,850","13,200","25,570","9,310","13,210","19,670","27,935",9435,"15,335","10,020","17,110","14,540",7440,"12,235","27,115","8,510",6290,"13,035",8835,"8,575","8,265","17,800","12,130","17,330","35,955",7705,"7,340","12,205","17,995","22,410","14,225","20,075","20,100","21,940","11,745","16,930","7,940","13,890","14,160",6015,"13,780","60,620","21,055","26,255","21,440","13,880","8,960","22,105","41,515","14,265","17,755","40,655","9,760",6470,"11,005",9595,10905,"22,275","11,465"
Income,Income of individuals in 2015,  Percentage with after-tax income,95.3,94.6,94.6,96.7,97.6,95.8,95.6,95.7,94.8,94.9,95.3,94.2,94.2,95.8,93.2,95.3,95.3,94.3,97,94,98,95,97,95,98,94,95,95,96,97,96,95,94,97,95,97,96,96,94,94,94,96,95,92,96,97,94,96,96,93,96,97,95,95,96,94,94,97,94,96,96,94,94,97,94,96,95,95,96,95,96,95,98,97,93,95,96,95,97,94,98,94,93,96,96,96,95,95,98,97,95,93,96,94,96,98,94,95,97,95,95,95,95,95,97,96,94,96,94,93,97,97,95,95,96,95,94,96,95,91,98,98,95,98,94,94,95,95,95,95,94,96,96,94,97,97,97,96,98,95,95
Income,Income of individuals in 2015,"    Under $10,000 (including loss)","395,780","5,225","4,590","1,395","3,995","3,320","2,160","7,090","3,890","2,215","2,480",850,"5,175","2,795","3,475","1,050","1,975","1,280",1430,2545,1270,1390,1210,1685,4955,"3,850",1995,2180,1890,1135,1875,"4,965","3,725","4,860","4,595",1540,2695,1815,"3,350",1475,"2,740",2305,1610,"3,675",1550,1130,"4,460",1875,1085,3205,2680,2470,1975,3070,1235,1845,2410,1655,2000,"5,430",1785,1535,2580,3730,"3,280",945,945,"7,720",2485,1485,1715,1870,1820,1235,"7,225",1280,1210,"4,940",3990,2860,2730,1935,"5,510",1755,3705,1560,3380,"4,600",2840,1375,3065,2325,2735,2605,1090,1715,"5,090",1335,835,2805,1340,1950,1460,3130,1800,2330,"6,705",1040,1300,2660,2985,3505,2710,"4,635",2855,"4,435",2555,2315,1560,"3,235",2240,1230,2580,"7,830","4,170","5,445","4,220",2580,1695,"4,005","11,190",3460,2720,"8,955",1320,885,1670,1325,1275,"5,135",1875
Income,Income of individuals in 2015,"    $10,000 to $19,999","425,580","6,475","4,640","1,565","3,790","3,265","2,570","2,995","2,805","1,985","2,140","1,205","4,820","2,945","4,405","1,340","2,520",660,"1,965","3,085","1,905","1,565","1,080","1,520","4,530","4,165","2,380","2,455","2,245","1,555","2,455","4,310","4,300","6,695","6,060","2,105","2,980","1,800","3,990","1,555","3,280","2,470","1,780","4,210","1,610",945,"6,005","2,340","1,160","2,300","2,790","2,435","2,015","3,070","1,510","2,375","2,770","2,010","2,435","6,015","1,975","2,055","3,400","4,105","3,610",670,930,"8,935","1,975","1,165","1,225","1,350","2,425","1,530","7,990","1,595","1,285","6,165","4,780","2,950","3,440","2,420","6,065","1,580","3,740","2,050","2,775","4,560","3,200","1,415","3,910","2,900","3,810","2,850","1,275","2,310","5,145","1,550","1,075","2,685","1,065","2,285","1,795","4,075","2,525","1,690","7,105",935,"1,880","3,045","4,515","4,365","2,000","5,380","2,960","5,265","2,840","2,010","1,765","3,775","2,945","1,135","3,115","6,735","4,930","5,710","5,500","3,260","2,115","4,680","6,840","2,625","3,200","9,640","1,715","1,200","2,170","1,135","1,185","5,000","2,260"
Income,Income of individuals in 2015,"    $20,000 to $29,999","330,405","3,945","3,075","1,590","2,955","2,725","2,030","2,180","2,155","1,425","2,050",960,"3,730","2,500","3,065",750,"2,320",570,1615,2675,1255,1535,1005,1260,3255,3405,2130,1910,2110,1085,1875,3215,3510,5355,5680,1700,2135,1710,3300,1330,2910,2185,1585,3055,1480,970,4785,1585,1085,1720,2295,2355,1520,1860,1365,1950,2365,1845,2015,4830,1650,1780,2490,2235,2880,635,700,6100,1535,885,975,1155,2180,1335,5935,1665,1180,3560,3825,2340,1935,1905,4660,1420,3100,1440,1705,3395,2735,1085,2660,1830,3075,2425,1090,1975,4280,1460,805,2120,905,1325,1490,3250,1735,1570,5345,840,1510,2115,3330,2775,1500,3185,2660,3740,2170,1750,1480,2570,2305,860,2320,5700,3580,4650,4010,2460,1620,4095,4480,1660,2940,7245,1245,910,1750,1060,1125,4030,2165
Income,Income of individuals in 2015,"    $30,000 to $39,999","261,435","2,780","2,270","1,325","2,590","2,450","1,545","1,965","1,805","1,085","1,635",740,"3,150","2,015","2,375",575,"1,735",415,"1,245","2,005","1,085","1,205",895,"1,120","3,140","2,690","1,755","1,435","1,480",720,"1,440","2,550","2,860","3,895","4,245","1,425","1,675","1,490","2,565","1,030","2,045","1,895","1,295","2,055","1,120",880,"3,415","1,215",985,"1,390","2,160","2,100","1,270","1,415","1,045","1,385","1,735","1,405","1,640","4,525","1,345","1,200","1,845","1,555","2,220",605,580,"4,205","1,300",785,890,"1,010","1,795","1,080","4,770","1,240","1,045","2,315","3,460","1,830","1,540","1,585","3,430","1,250","3,060","1,110","1,260","2,285","2,935",890,"2,020","1,165","2,240","1,795",825,"1,490","3,435","1,210",645,"1,520",745,885,"1,120","2,515","1,320","1,385","4,710",740,995,"1,510","2,570","2,210","1,220","2,190","2,325","2,730","1,485","1,530","1,150","1,470","1,545",635,"1,840","6,120","2,810","3,870","2,775","1,950","1,125","2,990","3,840","1,390","2,355","5,250",970,730,"1,205","1,045","1,170","3,085","1,710"
Income,Income of individuals in 2015,"    $40,000 to $49,999","213,815","2,005","1,665","1,170","2,370","2,360","1,200","1,730","1,700",915,"1,350",510,"2,320","1,840","1,340",465,"1,230",425,"1,040","1,380",995,880,805,"1,165","3,045","2,230","1,155","1,265","1,180",640,"1,390","2,030","1,945","3,055","2,955","1,030","1,510","1,315","1,710",730,"1,545","1,760","1,045","1,320",930,780,"2,140","1,015",965,"1,165","1,905","2,035","1,140","1,240",975,905,"1,220","1,105","1,120","4,080","1,305",885,"1,405","1,215","1,720",580,515,"3,140","1,170",740,825,"1,040","1,545",965,"3,535",840,970,"1,615","3,160","1,380","1,450","1,130","2,100","1,150","3,115",970,"1,040","1,625","3,530",810,"1,440",725,"1,670","1,420",760,"1,285","2,795","1,000",565,"1,335",755,635,930,"1,895","1,120","1,470","4,070",705,705,"1,155","1,745","1,940","1,195","1,555","2,005","1,985","1,100","1,485",765,"1,075","1,380",485,"1,445","6,880","2,210","2,890","1,910","1,485",840,"2,380","3,590","1,160","1,990","3,805",930,680,"1,040",985,"1,140","2,215","1,225"
Income,Income of individuals in 2015,"    $50,000 to $59,999","154,925","1,220","1,150",930,"1,930","1,905",895,"1,565","1,400",730,"1,125",275,"1,575","1,515",610,430,745,415,655,770,815,625,720,980,"2,595","1,545",955,970,935,525,"1,105","1,380","1,085","2,285","1,735",780,"1,295",985,940,445,935,"1,450",765,795,725,680,"1,070",900,705,855,"1,600","1,695",790,995,670,540,615,785,645,"3,255",995,610,750,815,"1,160",555,400,"1,935",935,740,725,870,"1,130",645,"1,975",455,790,"1,010","2,600",855,"1,250",630,"1,045","1,000","2,360",655,830,"1,000","3,330",695,755,455,"1,090","1,010",610,920,"2,040",715,495,800,740,495,580,"1,235",835,"1,270","2,730",645,370,660,"1,110","1,660",985,"1,105","1,630","1,335",660,"1,345",490,645,970,385,895,"6,565","1,360","1,585","1,095",875,615,"1,580","3,000",945,"1,435","2,365",805,600,830,800,990,"1,235",755
Income,Income of individuals in 2015,"    $60,000 to $69,999","112,495",745,695,625,"1,630","1,550",675,"1,545","1,110",580,935,180,965,"1,045",290,340,490,395,480,440,605,400,580,820,"2,060","1,010",680,660,675,495,900,"1,035",670,"1,605","1,060",580,"1,035",665,505,270,675,"1,025",490,465,535,550,535,720,600,655,"1,275","1,420",530,690,485,290,330,600,365,"2,315",760,360,470,605,675,475,345,"1,200",775,680,685,790,850,485,995,325,600,630,"2,150",485,"1,130",310,525,810,"1,970",455,660,685,"2,765",555,580,305,810,695,460,720,"1,395",505,325,625,575,345,375,770,705,"1,155","1,820",545,215,415,650,"1,440",760,690,"1,190",865,425,"1,190",285,460,705,305,560,"5,650",790,925,680,490,440,995,"2,400",825,950,"1,445",700,475,580,650,740,725,470
Income,Income of individuals in 2015,"    $70,000 to $79,999","84,300",525,500,510,"1,215","1,135",470,"1,125",860,455,810,95,635,895,150,260,305,375,360,280,510,195,495,670,"1,500",725,540,545,400,435,840,730,395,"1,190",610,315,980,585,260,160,465,795,325,265,410,420,260,625,505,400,"1,000","1,090",455,560,330,160,190,475,195,"1,785",630,235,285,470,480,450,315,850,660,680,575,725,570,395,580,210,470,390,"1,590",325,945,180,285,810,"1,435",395,440,520,"2,110",545,340,150,575,605,400,485,985,350,350,440,525,235,250,460,590,920,"1,310",530,160,210,430,"1,270",655,525,"1,065",600,240,"1,010",195,295,540,220,395,"4,385",530,565,460,340,240,600,"1,910",655,780,830,635,380,445,500,610,375,390
Income,Income of individuals in 2015,"    $80,000 and over","208,615",720,710,830,"5,200","3,675","1,140","2,715","2,035","1,180","5,155",125,800,"2,035",110,765,450,"2,780",750,300,1540,235,2530,1405,"3,305",855,1450,1105,745,1105,"1,690","1,325",460,"1,840",770,650,"2,205",2215,330,185,1495,"1,330",390,380,1845,2650,230,1205,930,640,"2,585","3,575",735,1150,695,200,175,1800,185,"3,765",1120,225,265,990,730,2395,1210,"1,260",2185,3570,4080,3920,"1,035",745,510,335,1220,580,"3,395",425,"2,175",175,245,"3,415","3,110",685,1115,"1,000","4,500",2050,545,165,"1,085","1,135",930,1325,"1,955",380,1200,695,2190,430,260,475,1505,"5,530","2,130",1725,210,440,685,"3,260",3190,795,"3,400",950,280,"4,310",250,370,1525,755,635,"10,750",665,615,785,445,280,750,"4,285",1555,"1,385","1,090",1430,610,1315,2095,2680,455,620
Income,Income of individuals in 2015,Total - Employment income groups in 2015 for the population aged 15 years and over in private households - 100% data,"2,294,785","24,995","20,400","10,265","26,290","23,395","13,265","23,945","18,720","11,150","18,560","5,255","24,615","18,345","16,960","6,280","12,355","7,750",9880,14345,"10,200",8415,"9,590","11,195","29,100",21745,"13,655","13,255",12170,"7,950","14,055","22,765",20130,"31,825",29215,10430,"17,295","13,080",18070,7640,"17,085","15,900",9770,17540,"10,610","9,260",24435,"11,915",8360,13205,"18,970","19,810",10930,"14,805",8665,10255,12585,"12,070",11295,"37,420","12,000",9430,14325,16150,17750,"7,585","6,285","37,380","13,650","11,285","12,260","13,360","13,655",8725,35885,8365,"9,105",22375,"29,840",14275,"17,030",10865,25740,"13,775","26,550",9675,"13,945","20,825","28,390","9,725",16075,10750,"17,835","15,395",7740,"12,500","28,890",8970,"6,495",13765,"9,275",9040,8725,18735,"12,580","18,005","38,115","8,025",7825,13075,18590,"23,140","15,040",21120,"20,845",23145,12530,"17,620",8395,15245,"14,485",6170,14550,"61,995",22395,27835,22635,14610,9425,23335,"44,330","14,930","18,580","43,405","10,100",6690,"11,340","10,000","11,165",23535,12060
Income,Income of individuals in 2015,  Without employment income,"716,035","9,670","7,355","2,840","6,625","7,840","4,010","8,755","6,215","4,375","5,350","1,885","8,950","5,430","6,975","1,975","3,570","2,605",2905,4775,2545,2500,2655,3210,"6,645",6805,3675,4425,3480,2275,3940,8020,6785,8515,9835,2570,4725,3855,6510,2710,5600,4845,2915,6985,2655,2470,9800,3425,2810,4245,4500,4435,3530,6135,2980,4165,4490,2670,3945,"10,240",2705,3305,5340,5620,6685,2230,1835,14520,3860,2740,3130,3360,2790,2220,12255,2830,2900,8540,"7,500",4920,4425,3475,9740,3210,6380,2810,5410,7525,"3,335",2145,4830,4490,5565,5120,2205,2940,9390,2710,1495,5105,2655,3075,2885,6615,3290,5535,11180,1830,3175,5035,5025,5900,4950,8590,5650,9110,4360,4085,2975,6580,3795,1630,5385,"10,100",8435,8790,7540,5020,3080,7820,"16,400",5610,6580,16525,2545,1780,3185,2315,2855,7735,4195
Income,Income of individuals in 2015,  With employment income,"1,578,750","15,345","13,045","7,425","19,670","15,545","9,250","15,185","12,520","6,775","13,205","3,370","15,670","12,915","9,995","4,305","8,780","5,135",6970,9575,7660,5915,6940,7985,22440,14920,9980,8820,8690,5680,10110,14745,13335,23315,19375,7860,12575,9225,11560,4935,11475,11055,6855,10550,7955,6795,14620,8490,5555,8960,14475,15380,7400,8665,5690,6090,8090,9405,7360,27170,9300,6120,8990,10530,11070,5370,4450,22855,9785,8540,9140,9990,10865,6505,23610,5535,6205,13840,22325,9360,12610,7390,16005,10565,20170,6865,8545,13315,25045,7585,11245,6260,12270,10275,5535,9560,19525,6265,4990,8650,6615,5970,5835,12135,9285,12475,26935,6190,4645,8045,13550,17240,10080,12535,15190,14035,8170,13535,5420,8660,10700,4535,9170,"51,890",13965,19055,15105,9585,6335,15525,27935,9325,11990,26870,7570,4905,8155,7685,8320,15790,7860
Income,Income of individuals in 2015,  Percentage with employment income,68.8,61.4,63.9,72.3,74.8,66.4,69.7,63.4,66.9,60.8,71.1,64.1,63.7,70.4,58.9,68.6,71.1,66.3,71,67,75,70,72,71,77,69,73,67,71,71,72,65,66,73,66,75,73,71,64,65,67,70,70,60,75,73,60,71,66,68,76,78,68,59,66,59,64,78,65,73,78,65,63,65,62,71,71,61,72,76,75,75,80,75,66,66,68,62,75,66,74,68,62,77,76,71,61,64,88,78,70,58,69,67,72,77,68,70,77,63,71,66,67,65,74,69,71,77,59,62,73,75,67,59,73,61,65,77,65,57,74,74,63,84,62,69,67,66,67,67,63,63,65,62,75,73,72,77,75,67,65
Income,Income of individuals in 2015,"    Under $5,000 (including loss)","201,235","2,245","1,920",825,"2,535","2,250","1,120","2,215","1,635","1,165","1,850",440,"2,220","1,765","1,520",570,875,765,770,"1,265",880,610,930,"1,140","2,375","1,910","1,080","1,290",915,630,"1,075","2,295","1,645","2,295","2,260",755,"1,470","1,170","1,675",730,"1,625","1,570",900,"1,590",995,910,"2,020",930,885,"1,210","1,665","1,760","1,105","1,375",765,780,"1,055","1,100",980,"3,065","1,005",635,"1,225","1,535","1,740",820,625,"3,455","1,200","1,060","1,305","1,395",870,770,"3,410",625,960,"1,990","2,380","1,500","1,275",945,"2,390","1,295","2,025",890,"1,275","1,785","1,510",955,"1,420","1,030","1,420","1,440",660,940,"2,800",690,600,"1,270",970,925,770,"1,540",970,"1,885","3,475",690,690,"1,380","1,425","1,795","1,455","1,885","1,900","2,110","1,195","1,710",780,"1,340","1,060",700,"1,315","3,650","2,200","2,545","2,150","1,275",725,"2,090","3,550","1,310","1,710","4,090",805,495,970,910,965,"2,240",950
Income,Income of individuals in 2015,"    $5,000 to $9,999","132,320","1,685","1,420",525,"1,545","1,050",780,"1,370",985,630,845,315,"1,520",940,"1,125",345,800,360,515,955,565,460,495,590,"1,680","1,320",730,755,650,445,665,"1,435","1,225","1,900","1,735",670,950,710,"1,135",545,"1,030",890,620,"1,135",585,430,"1,610",600,380,865,"1,000","1,000",695,845,450,620,790,695,640,"1,925",665,545,850,"1,170","1,030",355,320,"2,490",685,525,600,700,750,475,"2,420",495,455,"1,740","1,450",940,945,755,"1,785",640,"1,240",595,795,"1,370","1,120",550,"1,060",720,"1,000",855,405,765,"1,685",500,315,830,500,640,540,"1,105",715,765,"2,350",380,560,830,"1,195","1,205",790,"1,510","1,080","1,420",855,870,510,"1,000",905,450,790,"2,475","1,295","1,850","1,590",950,555,"1,360","2,230",735,985,"2,710",485,325,640,455,535,"1,790",635
Income,Income of individuals in 2015,"    $10,000 to $19,999","219,865","2,915","2,310",840,"2,380","1,755","1,435","1,765","1,640",960,"1,430",535,"2,300","1,555","1,835",555,"1,380",485,1025,1615,955,860,675,885,2615,2145,1440,1210,1320,695,1125,2250,2180,3685,3075,1235,1500,1150,1880,750,1755,1325,970,1955,1090,725,2630,1100,630,1350,1640,1565,1030,1200,770,1060,1410,1220,1130,3315,1225,950,1420,1845,1760,430,505,3955,1305,710,855,895,1555,820,3785,870,720,2880,2560,1435,1555,1175,2950,970,2170,925,1395,2455,2315,820,1900,1250,1840,1405,675,1435,2725,830,620,1300,695,1020,880,1890,1240,1140,3655,570,760,1395,2260,2060,1225,2325,1760,2185,1385,1290,905,1770,1730,690,1355,4800,2100,3035,2690,1365,1015,2390,3805,1235,1540,4380,810,615,1090,795,780,2690,1115
Income,Income of individuals in 2015,"    $20,000 to $29,999","176,835","2,120","1,730",735,"1,800","1,395","1,090","1,335","1,275",685,"1,300",485,"1,950","1,195","1,530",400,"1,255",375,820,"1,425",680,805,580,620,"2,090","1,805","1,285",885,1060,475,900,"1,765","1,870","2,920","2,775",980,"1,160",880,"1,730",625,"1,660","1,020",760,"1,530",940,635,"2,210",830,425,"1,070","1,320","1,330",750,915,585,885,"1,210","1,170",1020,"2,585",950,845,"1,275","1,205","1,335",320,350,"3,075",945,525,620,675,1300,680,"3,305",805,530,"2,000","2,085","1,210","1,090",1020,"2,495",815,"1,860",720,940,"1,945","1,845",600,"1,600",830,"1,570","1,170",515,1110,"2,245",715,445,990,495,690,750,"1,605",945,870,"3,165",465,670,"1,020","1,915","1,535",925,"1,655","1,310","1,845","1,135","1,060",720,"1,105","1,205",445,"1,055","3,905","1,725","2,710","2,300","1,295",895,"2,035","2,665",900,"1,235","3,810",700,405,945,625,685,"2,180",1040
Income,Income of individuals in 2015,"    $30,000 to $39,999","157,115","1,720","1,365",715,"1,580","1,180",910,"1,165","1,125",590,970,435,"1,815","1,120","1,515",320,"1,195",280,755,1230,660,790,520,585,"1,980","1,565",1130,795,935,455,790,"1,535","1,770","2,570","2,590",910,985,815,"1,575",600,"1,280",930,760,"1,275",735,520,"2,065",725,420,940,"1,215","1,190",690,810,515,795,1100,945,1060,"2,530",840,775,1080,980,"1,255",280,305,"2,570",800,415,495,585,1145,665,"3,110",735,475,"1,430","1,990",1110,1000,1005,"2,245",730,"1,855",705,785,"1,465","1,980",520,"1,435",665,"1,410",1050,500,935,"1,935",710,390,855,420,575,645,"1,395",840,735,"2,835",395,535,890,"1,760","1,415",785,"1,230","1,185","1,550",990,865,685,880,975,365,1085,"3,965","1,660","2,460","1,865",1205,700,"1,740","2,285",760,1210,"3,095",575,395,680,625,695,"2,005",925
Income,Income of individuals in 2015,"    $40,000 to $49,999","141,850","1,360","1,160",695,"1,425","1,245",860,"1,005","1,035",475,795,375,"1,575","1,050","1,070",325,975,220,700,990,630,690,495,655,"1,990","1,540",915,780,875,465,860,"1,305","1,535","2,210","2,180",740,975,805,"1,240",520,980,985,710,965,610,495,"1,595",710,450,855,"1,255","1,195",680,705,495,610,880,820,865,"2,540",870,695,"1,030",810,"1,075",265,260,"2,095",680,415,505,505,"1,200",650,"2,670",595,460,"1,115","2,045",945,930,900,"1,605",705,"1,965",610,635,"1,185","2,275",550,"1,180",565,"1,220",900,425,775,"1,885",665,395,845,375,475,635,"1,335",810,675,"2,830",395,415,765,"1,555","1,320",670,990,"1,245","1,270",770,800,525,690,905,325,975,"4,340","1,410","2,170","1,445","1,000",640,"1,615","2,285",750,"1,130","2,635",555,465,710,590,685,"1,605",840
Income,Income of individuals in 2015,"    $50,000 to $59,999","113,280",985,860,660,"1,225","1,055",610,935,885,390,645,255,"1,255",915,590,270,670,210,530,680,530,515,410,610,"1,795","1,235",660,620,660,335,805,950,995,"1,810","1,535",610,865,635,835,365,700,865,595,665,510,405,965,590,425,655,"1,105","1,150",585,570,510,470,615,635,590,"2,230",775,480,720,640,785,240,240,"1,555",670,420,415,470,895,525,"1,895",405,470,795,"1,805",725,905,570,"1,005",655,"1,835",570,525,705,"2,340",405,755,365,870,720,415,805,"1,515",560,315,625,370,365,485,965,615,685,"2,280",390,320,530,975,"1,150",585,765,"1,025",995,580,745,360,530,795,260,685,"4,405","1,075","1,485",915,740,485,"1,200","1,940",590,950,"1,910",555,415,585,560,560,"1,165",605
Income,Income of individuals in 2015,"    $60,000 to $69,999","90,310",670,660,555,"1,155",910,535,"1,075",825,335,565,165,910,860,330,265,440,195,415,460,510,390,385,495,"1,640",960,580,500,575,315,655,735,685,"1,440","1,005",495,805,490,545,255,520,780,445,460,395,345,620,580,315,465,980,935,445,515,350,300,380,460,370,"1,990",620,380,460,500,590,230,210,"1,030",545,355,340,415,740,400,"1,135",245,365,575,"1,620",475,835,355,600,570,"1,505",405,465,555,"2,285",420,465,260,675,590,335,600,"1,185",435,270,450,305,325,350,695,560,565,"1,600",385,195,355,725,"1,075",480,560,890,720,395,705,280,375,595,240,525,"4,550",770,925,605,545,395,945,"1,720",535,730,"1,280",505,360,480,470,540,720,435
Income,Income of individuals in 2015,"    $70,000 to $79,999","72,190",460,460,455,915,795,430,905,660,300,460,120,650,655,195,215,365,160,340,315,400,285,295,460,"1,410",745,395,425,480,330,615,610,470,"1,200",750,440,650,340,320,175,380,630,335,295,310,285,370,525,335,465,810,865,310,375,295,190,235,365,295,"1,555",535,280,310,420,400,210,210,700,465,375,345,380,625,335,730,200,300,380,"1,370",270,790,255,360,420,"1,305",340,360,420,"2,030",340,435,215,575,460,280,475,865,340,220,370,300,230,245,560,460,560,"1,275",375,140,270,525,965,390,415,680,560,315,650,195,285,500,180,365,"3,885",510,620,435,360,310,680,"1,520",440,560,965,455,345,445,385,425,475,310
Income,Income of individuals in 2015,"    $80,000 and over","273,760","1,160","1,135","1,415","5,095","3,890","1,480","3,420","2,440","1,230","4,370",235,"1,450","2,845",270,"1,040",825,"2,075",1110,630,1875,510,2150,1935,"4,870","1,690",1765,1580,1235,1545,2620,1860,950,"3,270","1,510",1025,3230,2200,635,370,1545,2055,750,680,1795,2035,550,1915,1285,1075,"3,505","4,390",1105,1365,945,375,410,1980,405,"5,450",1815,530,605,1405,1090,2200,1415,"1,905",2480,3745,3650,3975,1780,1185,"1,140",570,1445,915,"5,015",750,3260,400,580,3750,"4,410",1115,1375,1435,"7,365",2435,990,355,1705,1690,1320,1720,"2,705",840,1425,1105,2175,725,540,1065,2115,4605,"3,455",2150,375,610,1245,"4,715",2815,1225,"4,120",1395,565,4840,455,695,2020,870,995,"15,935","1,215","1,270",1110,830,595,"1,470","5,930",2055,1940,"1,995",2135,1075,1615,2270,2460,920,1005
Income,Income of individuals in 2015,"      $80,000 to $89,999","57,585",365,355,360,770,690,320,735,560,230,390,80,465,540,120,200,240,140,255,245,330,180,255,405,"1,115",535,350,350,355,275,585,480,320,885,495,275,625,305,225,125,275,505,235,205,235,230,245,420,250,335,695,755,280,320,215,125,165,315,150,"1,245",435,205,220,330,335,175,185,580,395,370,310,370,490,295,440,160,270,295,"1,180",235,640,150,225,460,"1,040",290,325,340,"1,690",335,290,115,405,380,260,330,640,275,225,325,260,170,185,405,440,440,885,305,120,165,370,890,360,360,620,415,210,570,140,215,385,150,260,"3,315",355,440,315,240,220,485,"1,335",430,450,685,420,285,275,320,345,350,280
Income,Income of individuals in 2015,"      $90,000 to $99,999","50,845",295,275,330,630,640,340,595,465,230,370,55,410,595,70,180,205,145,220,140,295,130,225,415,925,450,330,330,270,310,560,450,255,760,415,205,655,310,165,100,245,470,190,165,225,170,150,415,290,230,625,685,295,310,230,95,115,280,110,"1,105",415,130,180,280,245,235,205,430,420,425,280,440,355,255,305,130,275,215,950,230,585,120,165,485,795,235,260,325,"1,345",370,220,105,390,375,290,310,575,225,215,280,305,155,170,260,365,440,855,350,100,125,255,835,350,270,670,330,130,670,130,170,345,135,230,"2,640",345,350,275,225,125,385,"1,185",420,495,480,445,260,315,285,320,240,220
Income,Income of individuals in 2015,"      $100,000 and over","165,330",505,515,730,"3,715","2,570",815,"2,090","1,405",770,"3,605",100,595,"1,730",85,660,375,"1,770",630,255,1240,200,1660,1110,"2,840",720,1080,905,620,955,1485,940,370,1605,605,545,1945,1585,245,140,1020,1080,325,305,1330,1640,160,1070,740,500,2175,2955,535,735,485,150,130,1380,145,"3,100",970,205,205,795,510,1800,1025,890,1670,2955,3060,3160,940,635,390,280,895,395,"2,885",290,2045,125,185,2800,"2,575",585,800,770,"4,325",1735,485,130,905,935,775,1080,1475,325,980,515,1620,395,185,405,1300,3725,1735,1495,155,320,630,2990,2090,600,2830,655,225,3600,190,310,1290,585,500,"9,990",525,485,535,355,255,605,"3,415",1210,1000,820,1280,535,1030,1660,1790,330,500
Income,Low income in 2015,"Prevalence of low income based on the Low-income measure, after tax (LIM-AT) (%)",20.2,21.3,22.6,8.2,18.3,13.7,17,37.7,23.7,18.4,9.4,28,23.4,14.5,33,24.5,17,8.8,22.6,24.7,20.8,14.2,12.5,6.2,26,19.5,14.9,17.9,13.4,14.2,13.6,23.5,22.3,17.1,19.4,18,18.8,10.5,26,23.2,21.3,9.7,18.3,34.7,15.5,10.7,25.7,19.7,7.7,29.6,16.5,11.1,10.5,21.9,14.6,19.7,22.7,15.7,23.3,15.8,13.5,18.3,26.3,33.2,24.9,4.5,18.5,23.5,17.6,6.7,7.3,6.9,15.6,17.6,20.4,15.2,8.3,22.1,18.2,23.8,31.9,25.3,27.9,10.3,20.8,24.8,27.4,26.3,13.7,10.9,36.5,42.6,18.6,22.5,13.5,13.8,20.6,11.4,13.6,17.5,7.2,42.3,18.6,22.8,19.9,10.2,9.5,6.9,31.7,32.4,30.5,18.7,15.9,21,11.6,23.8,32.9,9.4,17.8,45.5,14.7,22.4,25.9,16.5,25.2,15.8,24.4,29.6,20.4,19.2,30.3,27.1,15,27.2,15.8,15.2,16.7,12,12.9,24.4,16.8
Income,Low income in 2015,"In low income based on the Low-income measure, after tax (LIM-AT)","543,390","6,145","5,315",985,"5,245","3,705","2,655","9,665","5,015","2,335","2,170","1,785","6,815","3,150","7,105","1,885","2,410",810,2560,"4,375",2290,1405,1350,830,7880,"5,135","2,450",2825,1885,1360,"2,330","6,300","5,440","6,205","6,760",2105,"3,955",1600,"5,775",2195,"4,665",1800,2100,"7,605",1960,1140,"7,775","2,825",740,"4,645","3,605","2,600",1315,3710,1480,2450,"3,520",2235,"3,175","6,810",1900,2015,"4,500",5800,"5,470",415,1475,"10,220","2,830",980,1100,"1,140",2350,1775,"8,935",1495,870,"5,760","6,060","4,085",5895,3355,"9,155","1,730","6,025",2800,4260,"6,215","4,185",1275,"6,695","5,795","3,905","4,160",1245,1895,"7,150",1225,1040,2770,800,4515,1930,"5,060",2965,2110,"4,395",690,3090,"5,325",6290,"5,055",2810,"5,105","2,895","6,425","5,100","2,010",1800,"9,490",2385,1495,"4,455","10,820","6,780","5,210","6,355","5,240",2260,"5,285","15,220",4535,"3,320","14,410","1,965",1190,2200,1420,1600,"6,715",2350
Income,Low income in 2015,0 to 17 years,"125,675","1,395","1,130",195,415,720,545,785,880,535,495,555,"1,725",660,"2,565",470,460,225,475,"1,445",190,325,180,250,460,"1,605",485,780,320,180,490,"1,490","1,615","1,000","1,945",300,790,330,"1,965",800,"1,395",495,595,"2,575",390,190,"2,880",585,150,"1,020",480,490,315,715,415,830,"1,185",310,900,"1,510",310,455,"1,255",565,"2,025",80,465,"2,495",405,180,210,240,315,295,"2,910",410,180,"1,345",855,"1,250",830,"1,060","3,365",255,700,500,630,"1,035",490,185,"1,280","1,860",780,"1,215",265,165,"2,110",330,95,610,210,"1,175",555,"1,355",485,290,"1,440",130,"1,145","1,900",905,910,720,"1,045",615,"1,510","1,485",315,570,"3,825",270,95,"1,125","1,020","2,080","1,360","1,240","1,440",520,"1,460","2,580",485,"1,035","4,260",375,205,285,200,165,"1,625",655
Income,Low income in 2015,0 to 5 years,"42,690",510,390,70,160,235,185,380,270,125,150,200,580,215,895,135,170,40,165,490,60,120,50,55,190,565,165,220,120,55,150,510,555,340,685,100,245,110,675,250,435,130,195,905,110,45,955,185,45,380,190,125,80,195,120,270,410,90,380,520,90,135,440,210,735,20,160,865,150,45,45,65,90,110,955,160,55,550,325,425,290,395,"1,125",65,240,170,190,305,220,50,530,680,260,420,80,40,655,100,35,175,60,305,200,465,160,95,430,50,405,650,330,255,145,330,220,525,615,75,195,"1,520",100,25,335,430,675,465,390,590,140,500,745,150,370,"1,480",105,60,100,75,65,640,170
Income,Low income in 2015,  18 to 64 years,"347,775","3,495","3,505",630,"4,215","2,275","1,515","8,480","3,655","1,475","1,310","1,055","4,295","2,110","3,795","1,130","1,585",520,"1,700","2,575","1,540",900,945,495,"6,810","3,155","1,475","1,545","1,305",760,"1,360","4,145","3,230","4,375","4,075","1,505","2,560","1,005","3,330","1,215","2,445","1,040","1,290","4,215","1,265",745,"4,000","1,820",450,"3,320","2,585","1,725",900,"1,970",825,"1,355","2,000","1,590","1,920","4,240","1,390","1,140","2,645","4,095","3,050",280,830,"5,965","2,145",610,785,760,"1,835","1,245","5,000",905,525,"3,415","4,110","2,490","4,410","2,030","5,095","1,080","4,355","1,795","2,940","4,225","3,430",900,"4,770","3,455","2,320","2,580",775,"1,420","4,295",745,710,"1,775",490,"2,955","1,165","2,895","1,920","1,485","2,515",450,"1,560","3,035","4,585","3,315","1,850","2,885","1,865","3,590","3,240","1,405","1,045","4,990","1,810","1,255","2,570","8,875","3,970","3,355","3,630","3,155","1,480","3,235","11,270","3,070","1,740","8,470","1,275",735,"1,405","1,070","1,240","4,535","1,355"
Income,Low income in 2015,  65 years and over,"69,935","1,250",685,160,615,695,590,405,485,325,365,170,790,385,745,280,365,60,385,350,550,185,225,80,605,375,495,500,260,415,480,665,595,830,725,290,600,255,480,180,830,260,215,810,305,200,895,430,130,305,555,385,105,1025,240,260,340,340,360,"1,065",205,415,610,1140,395,60,180,"1,770",280,195,120,150,200,230,"1,035",185,165,990,1080,345,655,280,690,400,975,500,690,955,270,195,635,480,815,365,200,325,755,145,235,385,95,390,210,820,560,315,445,105,395,400,815,830,250,"1,190",425,"1,325",370,275,190,665,290,150,780,910,730,480,"1,490",640,275,590,"1,365",985,555,"1,670",310,240,510,155,185,560,355
Income,Low income in 2015,"Prevalence of low income based on the Low-income cut-offs, after tax (LICO-AT) (%)",17.4,17.5,18.7,7.1,18.9,11.2,14.2,36.1,20.4,15.4,8.3,21.9,19.4,12.9,25.9,21.1,14.8,8.4,18.5,19.3,20.2,12.1,11.7,5.3,25.8,16.2,12.8,14.3,13.2,13.5,11.2,19.7,17,17,15.9,18.1,16.6,8.2,20.4,17.9,17.8,7.5,14.7,27.2,13.3,9.8,20.9,17.6,6.7,25.4,15.1,10.4,9.9,19.1,10.8,16,18.4,14.5,18.6,13,13.2,14.9,22.1,34.9,19.7,4.1,15.1,19.5,15.5,6.1,6.8,5.9,16.7,15.1,15.4,11.8,6.4,21.2,15.6,19.1,29.7,21.2,21.8,9.2,18.6,21.6,24.9,23.2,13.3,10.4,33.1,35,16.3,19.9,11.5,17.7,16.6,9.3,12.7,15.9,6,35.3,15.8,18.5,19.3,9.7,7.8,5.8,24.2,25.7,27.1,17.6,13.4,19.9,9.5,19.1,27.3,8.2,14.7,36,17.6,26.4,20.1,16,20.8,13.8,20.3,25.1,18.5,15.4,26.7,23.6,11.2,22,13.9,13.5,15.6,11.1,12.1,22.5,13.9
Income,Low income in 2015,  0 to 17 years (%),20.7,23.8,22,7,13.4,12.9,14.9,36.3,25,22.1,6.8,30.4,24.7,13.6,34.6,22.5,15.5,10.8,21,26,18,13.4,9.9,7.1,28,23,11,19,12,8.1,11,25,23,15,21,16,15,9.4,30,27.1,18,11.7,22,39,12,9.4,32,17,7.9,28,12,10,12.3,23,16,26,25,9,26,17,11,18,29,32,29,3.1,18.3,26,11,4,5.3,4.4,15,13,22,16.2,7.4,29,17,27,37,30,30,6,20,20,27,25,18,5.7,38,42,16,28,11.5,9,23,10.9,5.6,21,7.2,46,23,24,15,8,12,4.2,37,36,27,18,17,27,9,25,35,5,21.3,48,12,15,26,21,29,16,24,31,20,22,31,18,17,30,11,10.6,11,8,10,25,22
Income,Low income in 2015,    0 to 5 years (%),20.9,27.2,22.9,6.9,11.7,14.5,13.6,28.4,21.4,19.8,7.5,33.7,25.6,13.3,38.7,19.2,17.7,9.3,19.4,28,16.2,13.6,6.9,5.1,22.2,24.5,9.8,20.1,11.5,6.2,7.5,23.1,25.2,12.8,21.3,13.9,12.2,13.1,34.9,27.7,17.2,10.1,22.6,40.6,9.9,7,34.2,12,7,27.8,12.4,7.1,11.3,23.3,14,27.7,26,8.1,29.3,16.6,8.5,18.5,33.6,29.3,32.1,3.7,20.3,28,13,2.9,5.3,4.9,12,11.4,24.2,16.8,9.2,34.3,14.3,30.4,31.9,32.8,31.3,3.6,16,16.4,25.4,22.3,13,5.6,37.6,45.3,14.9,29.8,12.5,7.5,23.4,11.1,5.3,21.4,7.9,41.1,24.1,24.9,14.7,8.2,12.6,3.9,41.8,39.1,26.7,11.1,14.8,27.8,9.6,26.3,37.4,3.3,24,51.8,11.3,6.5,23.9,15.4,31.9,18.9,22,34.8,15.4,24.5,23.2,14.1,19.9,32,7.5,8.2,10.3,8.3,9.2,28.4,21.4
Income,Low income in 2015,  18 to 64 years (%),17.8,17.5,19.9,7.5,21.7,12.4,13.3,38.7,22,17.7,9.1,20.3,20.1,13.9,23.2,20.4,15.2,9.4,19.2,18.3,20.2,12.3,14,5.4,26.8,15.7,12.9,13,14.6,13.6,11.2,20.9,16.1,18.2,16,19.6,16.7,8.8,19.4,16.4,17.3,7.4,14.4,24.8,14.2,11.2,18.9,17.5,7.8,26.5,16,10.9,11.4,18.9,10.8,15.8,17.8,15.7,17.9,12.6,14,13.9,21.4,35.6,19.4,4.9,14.2,19.8,17.6,6.7,8.1,6.7,17.8,16.1,14.5,12.3,7.2,21.6,15.4,19.1,28.4,19.8,20,9.6,18.3,21.4,26.4,24.9,12.9,11.8,32.4,33.5,16.2,19.6,12.3,19.9,16.3,9.5,14,17.5,6.3,32,15.3,17.5,19.2,12.1,7.2,6.4,21.8,24.4,26.9,17.1,14.5,20.8,10.2,19.1,26.8,9.3,14.5,33.1,20.2,30.8,19.2,15.9,20,14.8,19.4,24,19,15.4,27.8,24.8,10.8,21.8,14.3,13.4,16.7,12.7,14.7,23.9,13.3
Income,Low income in 2015,  65 years and over (%),11.9,12.3,10.9,5.5,10.1,7,16.2,12.4,9.9,6.2,7.1,16.1,10.5,8.1,21.3,22.3,12.1,2.6,13.2,11.3,22,8.3,6.8,2.5,15.6,7.5,15.2,13.2,8.2,20.7,11.2,9.5,11.9,12.7,8.8,12.3,19.9,5.6,10.3,9,19,3.8,7.3,17.2,10.9,6.2,13.1,18.9,2.9,11,14.3,8.1,3.1,16.7,6.3,5.9,9.7,15.3,11.4,10.3,11.1,15.7,15.1,33.8,7.5,2.4,12.7,12.6,9.4,7.7,3.5,4.4,8.5,12.1,10,5.8,3.3,12.3,16.1,7.5,34.9,13.3,12.2,12,18.8,24.6,17.4,15.3,14.1,9.8,31.8,25.9,17.3,9.8,9.3,12,8.7,6,15.2,6.9,3.7,40.6,9.7,15.9,26.7,4.7,4.8,4.4,14.3,12,29.5,20.7,6.1,12.7,7,14.2,14.9,7.3,7.4,20.6,9.2,10.5,17.1,13.6,13.4,6,20.4,21.6,14.4,8.6,14.6,22.9,6.5,14.5,16.9,17.4,15.9,8.1,5,10.3,8.8
Labour,Labour force status,  Not in the labour force,"811,110","11,130","8,345","3,440","7,740","9,370","4,640","8,950","6,845","4,940","6,715","2,135","10,335","6,355","7,655","2,200","4,005","3,230",3300,5240,2925,2875,3160,4010,7240,7545,4380,5045,3890,2510,4640,8885,7415,9420,11210,2870,5170,4650,7385,3005,6330,5795,3355,7625,3085,3175,10985,3670,3390,4600,5265,5290,4270,6870,3540,4505,4950,3175,4380,11725,3110,3780,5810,6045,7475,2805,2080,16235,4450,3335,3895,4215,3005,2565,13610,3220,3665,10185,8685,5510,4700,3970,10975,4055,6765,3220,5875,8390,3795,2575,5225,4605,6120,5820,2625,3220,10645,3100,1815,5640,3395,3375,3240,7525,3550,6490,13485,2200,3720,5535,5455,6600,5795,10085,6790,10225,4595,4920,3335,6760,4440,1760,5940,10885,9300,9995,8660,5530,3455,8995,17275,6250,7715,18215,2835,2000,3510,2680,3395,8705,4825
Labour,Labour force status,  In the labour force,"1,483,675","13,865","12,045","6,825","18,560","14,015","8,620","15,000","11,885","6,205","11,835","3,125","14,270","12,000","9,300","4,080","8,350","4,515",6575,9105,7275,5550,6475,7185,21855,14195,9275,8200,8310,5445,9420,13880,12735,22330,18045,7555,12120,8420,10690,4635,10760,10105,6420,9910,7520,6105,13440,8245,4975,8605,13715,14525,6655,7930,5115,5755,7640,8890,6905,25665,8890,5645,8510,10105,10265,4790,4200,21145,9195,7945,8365,9145,10650,6160,22260,5145,5445,12195,21160,8760,12325,6905,14765,9720,19780,6460,8085,12435,24595,7160,10845,6150,11725,9580,5115,9275,18240,5870,4680,8125,5875,5660,5480,11215,9020,11510,24645,5825,4100,7540,13135,16535,9255,11035,14060,12910,7935,12710,5060,8490,10055,4405,8620,51100,13100,17845,14055,9075,5965,14340,27075,8610,10870,25180,7270,4695,7875,7320,7710,14815,7245
Labour,Labour force status,    Employed,"1,361,375","12,510","10,855","6,405","17,305","13,010","8,000","13,455","10,965","5,720","11,185","2,765","13,020","10,945","8,115","3,740","7,635","4,155","6,035","8,195","6,695","5,145","6,055","6,635","19,990","12,960","8,710","7,410","7,710","5,105","8,770","12,540","11,495","20,710","16,630","6,995","11,125","7,915","9,540","4,175","9,805","9,355","5,915","8,865","6,960","5,765","11,895","7,660","4,575","7,720","12,740","13,650","6,095","7,270","4,745","5,200","6,865","8,265","6,295","23,805","8,390","5,155","7,730","9,290","9,245","4,440","3,885","18,855","8,530","7,435","7,740","8,510","9,965","5,725","19,925","4,735","5,115","11,035","19,865","7,770","11,485","6,150","12,975","9,050","18,450","5,895","7,375","11,390","23,490","6,780","9,715","5,250","10,920","8,620","4,870","8,640","16,565","5,520","4,385","7,315","5,520","5,120","4,880","10,180","8,415","10,815","22,625","5,535","3,735","6,560","12,020","15,470","8,475","9,990","13,125","11,730","7,030","11,985","4,540","7,415","9,440","4,035","7,745","48,470","11,585","16,140","12,780","8,105","5,460","13,055","24,770","7,760","9,940","22,505","6,715","4,380","7,470","6,815","7,245","13,235","6,670"
Labour,Labour force status,    Unemployed,"122,305","1,360","1,185",415,"1,250","1,010",620,"1,535",910,495,650,355,"1,255","1,055","1,180",345,725,360,540,915,585,400,425,545,"1,865","1,240",565,795,600,340,650,"1,330","1,230","1,610","1,420",565,990,510,"1,155",465,955,750,505,"1,050",560,340,"1,550",595,395,890,970,865,565,660,380,555,780,630,610,"1,870",500,485,775,825,"1,020",360,320,"2,300",665,505,625,635,685,440,"2,335",415,335,"1,160","1,305",995,845,745,"1,785",670,"1,330",565,710,"1,050","1,110",380,"1,125",900,800,970,255,630,"1,685",355,300,810,355,545,600,"1,030",600,695,"2,010",295,375,980,"1,125","1,070",770,"1,045",935,"1,175",910,725,525,"1,070",610,365,870,"2,640","1,515","1,705","1,290",965,505,"1,285","2,300",845,920,"2,665",560,310,410,505,455,"1,585",580
Labour,Labour force status,Participation rate,64.7,55.4,59,66.5,70.6,59.9,65,62.7,63.4,55.7,63.8,59.5,58,65.4,54.8,65,67.6,58.3,67,64,71,66,67,64,75,65,68,62,68,69,67,61,63,70,62,72,70,64,59,61,63,64,66,57,71,66,55,69,60,65,72,73,61,54,59,56,61,74,61,69,74,60,59,63,58,63,67,57,67,70,68,69,78,71,62,61,60,55,71,61,72,64,57,71,75,67,58,60,87,74,68,57,66,62,66,74,63,65,72,59,63,63,63,60,72,64,65,73,52,58,71,71,62,52,68,56,63,72,60,56,69,72,59,82,59,64,62,62,63,62,61,58,59,58,72,70,69,73,69,63,60
Labour,Labour force status,Employment rate,59.3,50,53.2,62.4,65.8,55.6,60.3,56.2,58.5,51.3,60.3,52.7,52.9,59.6,47.8,59.6,61.8,53.6,61,57,66,61,63,59,69,60,64,56,63,64,62,55,57,65,57,67,64,61,53,55,57,59,61,51,66,62,49,64,55,59,67,69,56,49,55,51,55,69,56,64,70,55,54,58,52,59,62,50,63,66,63,64,73,66,56,57,56,49,67,54,68,57,50,66,70,61,53,55,83,70,60,49,61,56,63,69,57,62,68,53,60,57,56,54,67,60,59,69,48,50,65,67,56,47,63,51,56,68,54,49,65,66,53,78,52,58,56,56,58,56,56,52,54,52,66,66,66,68,65,56,55
Labour,Labour force status,Unemployment rate,8.2,9.8,9.8,6.1,6.7,7.2,7.2,10.2,7.7,8,5.5,11.4,8.8,8.8,12.7,8.5,8.7,8,8.2,10,8,7.2,6.6,7.6,9,9,6.1,9.7,7.2,6.2,6.9,10,10,7,8,7.5,8.2,6.1,11,10,8.9,7.4,7.9,11,7.4,5.6,12,7.2,7.9,10.3,7.1,6,8.5,8.3,7.4,9.6,10.2,7.1,8.8,7,5.6,8.6,9.1,8.2,10,7.5,7.6,11,7.2,6.4,7.5,6.9,6.4,7.1,11,8.1,6.2,10,6,11.4,6.9,10.8,12,6.9,7,8.7,8.8,8,5,5.3,10,14.6,6.8,10.1,5,6.8,9,6,6.4,10,6,9.6,10.9,9,6.7,6,8,5.1,9.1,13,9,7,8.3,10,6.7,9,11.5,5.7,10.4,13,6.1,8.3,10.1,5,12,10,9,10.6,8.5,9,9,9.8,8.5,11,7.7,6.6,5.2,6.9,5.9,11,8
Labour,Work activity during the reference year,  Did not work,"791,795","11,060","8,270","3,245","6,925","8,965","4,430","8,590","6,655","4,740","5,905","2,135","10,285","6,115","7,790","2,085","3,950","2,815",3240,5300,2760,2815,2785,3775,6970,7580,4085,4930,3770,2345,4330,8920,7550,9145,10945,2790,5060,4245,7570,3080,6215,5570,3295,7835,2925,2670,11370,3615,3275,4590,4840,4860,4095,6580,3365,4510,4935,2870,4320,11355,2940,3745,5900,5945,7425,2450,1965,16560,4105,2915,3360,3750,2940,2475,13850,3125,3395,9980,8300,5765,4605,3980,11185,3595,6805,3050,5715,8265,3490,2355,5485,4820,6005,5720,2500,3180,10515,3055,1595,5685,2905,3465,3235,7435,3355,5925,13090,2000,3595,5680,5430,6500,5355,9740,6280,10145,4615,4195,3300,7105,4275,1700,5975,10485,9405,10015,8590,5565,3515,8845,17005,6100,7450,18610,2795,1925,3345,2510,3130,8915,4710
Labour,Work activity during the reference year,  Worked,"1,502,995","13,940","12,140","7,015","19,365","14,440","8,840","15,335","12,070","6,415","12,650","3,120","14,335","12,235","9,170","4,200","8,395","4,935",6640,9045,7435,5600,6840,7430,22115,14165,9570,8325,8430,5600,9725,13840,12575,22600,18320,7630,12235,8825,10505,4565,10865,10325,6480,9705,7685,6615,13035,8315,5085,8620,14120,14945,6840,8225,5295,5745,7650,9190,6975,26055,9060,5675,8430,10205,10315,5150,4310,20820,9550,8370,8905,9605,10715,6240,22030,5240,5710,12405,21535,8515,12425,6890,14560,10180,19750,6630,8235,12570,24905,7380,10590,5935,11825,9675,5245,9325,18390,5915,4895,8075,6365,5580,5490,11315,9210,12080,25025,6020,4230,7385,13165,16640,9690,11375,14565,13015,7915,13435,5100,8145,10205,4465,8575,51500,12990,17815,14125,9035,5900,14500,27350,8760,11135,24800,7315,4770,8040,7485,7965,14620,7355
Labour,Work activity during the reference year,"    Worked full year, full time","750,555","6,410","5,710","3,870","9,335","7,860","4,410","7,265","5,995","2,995","5,955","1,470","6,900","6,400","3,675","2,190","3,970","2,120","3,475","4,160","3,975","2,655","3,515","3,990","11,775","6,945","4,985","4,175","4,285","3,085","5,320","6,505","5,805","11,325","8,650","3,900","6,235","4,490","4,685","2,145","4,680","5,405","3,275","4,110","3,665","3,070","6,150","4,580","2,720","3,930","7,660","8,050","3,540","3,955","2,735","2,575","3,555","4,390","3,200","14,355","4,770","2,645","3,950","4,520","4,695","2,605","2,130","9,730","4,875","4,565","4,330","5,000","5,910","3,365","10,110","2,565","3,140","5,600","12,190","3,740","6,660","3,135","5,850","5,510","11,375","3,180","3,850","5,780","15,695","3,630","4,835","2,315","5,855","4,865","2,795","4,660","8,955","3,155","2,595","3,895","3,245","2,535","2,720","5,505","4,600","5,960","12,710","3,340","1,870","3,280","6,095","9,320","4,350","5,210","7,555","6,025","3,520","6,905","2,405","3,395","5,330","1,950","4,315","31,670","5,990","8,200","6,190","4,305","2,890","7,000","13,970","4,695","5,705","11,140","3,975","2,720","4,000","4,020","4,370","6,645","3,785"
Labour,Work activity during the reference year,    Worked part year and/or part time,"752,440","7,530","6,430","3,140","10,025","6,570","4,425","8,085","6,080","3,415","6,700","1,645","7,440","5,840","5,495","2,015","4,435","2,805","3,170","4,890","3,460","2,945","3,330","3,430","10,350","7,225","4,590","4,145","4,145","2,510","4,405","7,335","6,775","11,280","9,680","3,735","5,995","4,335","5,830","2,420","6,180","4,920","3,200","5,590","4,025","3,550","6,915","3,740","2,370","4,685","6,480","6,895","3,290","4,270","2,560","3,170","4,095","4,810","3,775","11,695","4,305","3,040","4,475","5,695","5,620","2,530","2,180","11,080","4,680","3,790","4,560","4,605","4,805","2,885","11,905","2,685","2,575","6,775","9,350","4,770","5,770","3,750","8,705","4,680","8,370","3,440","4,385","6,775","9,220","3,750","5,765","3,615","5,980","4,810","2,440","4,670","9,440","2,760","2,295","4,170","3,125","3,050","2,770","5,810","4,620","6,120","12,310","2,685","2,355","4,105","7,065","7,320","5,350","6,170","7,015","6,975","4,400","6,525","2,700","4,745","4,875","2,520","4,270","19,830","6,995","9,605","7,930","4,740","3,005","7,490","13,375","4,070","5,440","13,655","3,335","2,050","4,045","3,465","3,600","7,980","3,580"
Labour,Class of worker,Total labour force aged 15 years and over by class of worker - 25% sample data,"1,483,675","13,870","12,050","6,820","18,555","14,010","8,625","14,985","11,885","6,220","11,840","3,120","14,280","11,995","9,300","4,080","8,350","4,515","6,580","9,100","7,270","5,545","6,470","7,185","21,845","14,200","9,270","8,205","8,315","5,440","9,420","13,870","12,720","22,320","18,040","7,555","12,120","8,425","10,695","4,640","10,760","10,105","6,415","9,915","7,520","6,110","13,435","8,250","4,975","8,610","13,710","14,525","6,660","7,930","5,110","5,755","7,635","8,890","6,915","25,670","8,885","5,645","8,515","10,110","10,260","4,790","4,200","21,145","9,195","7,945","8,365","9,140","10,650","6,165","22,260","5,150","5,455","12,185","21,155","8,770","12,325","6,900","14,760","9,715","19,785","6,460","8,080","12,440","24,595","7,165","10,845","6,155","11,715","9,575","5,115","9,270","18,245","5,870","4,680","8,130","5,880","5,660","5,480","11,215","9,025","11,515","24,635","5,825","4,100","7,540","13,135","16,535","9,245","11,035","14,065","12,920","7,945","12,710","5,065","8,490","10,050","4,405","8,620","51,120","13,095","17,840","14,055","9,070","5,965","14,350","27,060","8,615","10,865","25,170","7,280","4,690","7,875","7,320","7,705","14,815","7,240"
Labour,Class of worker,  Class of worker - not applicable,"46,135",540,470,130,365,410,240,645,410,230,150,125,580,385,555,125,260,100,195,350,150,145,105,225,625,505,200,315,205,100,165,575,520,475,485,120,380,145,570,205,365,255,200,505,165,80,700,215,135,320,270,220,200,310,150,240,310,170,235,680,180,185,370,295,430,100,120,"1,070",180,115,205,150,130,175,"1,015",145,105,530,430,475,315,305,820,175,475,180,285,410,260,125,475,430,215,360,100,175,735,130,70,350,80,210,210,415,185,210,875,105,140,460,405,355,300,490,295,520,395,175,205,530,135,150,385,745,695,560,525,350,175,435,"1,080",360,320,"1,190",190,85,125,140,115,685,205
Labour,Class of worker,  All classes of workers,"1,437,540","13,330","11,585","6,700","18,195","13,625","8,385","14,350","11,475","5,970","11,690","3,005","13,695","11,610","8,740","3,955","8,095","4,415","6,380","8,755","7,120","5,405","6,365","6,960","21,230","13,695","9,070","7,880","8,105","5,340","9,255","13,305","12,210","21,845","17,565","7,440","11,745","8,285","10,115","4,435","10,390","9,850","6,225","9,405","7,360","6,030","12,745","8,030","4,840","8,300","13,445","14,295","6,450","7,605","4,960","5,515","7,335","8,725","6,675","25,000","8,700","5,465","8,145","9,815","9,830","4,685","4,085","20,065","9,005","7,830","8,160","8,985","10,515","5,980","21,260","5,005","5,350","11,675","20,735","8,285","12,010","6,595","13,955","9,550","19,320","6,275","7,805","12,035","24,340","7,035","10,375","5,725","11,505","9,215","5,005","9,095","17,505","5,740","4,600","7,775","5,795","5,450","5,265","10,795","8,835","11,305","23,775","5,725","3,965","7,080","12,730","16,190","8,940","10,550","13,765","12,410","7,540","12,530","4,855","7,960","9,915","4,265","8,235","50,370","12,400","17,290","13,530","8,725","5,795","13,905","25,990","8,250","10,535","23,965","7,085","4,605","7,750","7,180","7,590","14,145","7,035"
Labour,Class of worker,    Employee,"1,254,610","12,010","10,200","5,910","14,825","11,055","7,140","12,525","9,695","4,830","9,005","2,730","12,485","10,145","8,065","3,360","7,265","3,010","5,560","8,025","6,070","4,880","4,980","6,215","18,905","12,495","7,685","6,885","7,190","4,650","7,995","11,555","11,190","19,065","16,100","6,380","10,045","6,785","9,430","4,095","8,875","8,650","5,575","8,390","5,900","4,500","11,825","6,970","4,235","7,540","11,590","11,925","5,740","6,390","4,275","4,990","6,760","7,315","6,225","22,050","7,510","4,925","7,460","8,565","8,715","3,800","3,425","17,910","7,365","6,375","6,375","7,210","9,105","5,225","19,735","4,530","4,645","10,510","17,990","7,670","10,400","5,990","12,900","7,850","17,095","5,555","6,350","10,250","21,550","5,675","9,410","5,125","9,965","8,160","4,270","7,680","15,490","5,230","3,780","6,900","4,715","4,805","4,815","9,710","7,300","8,595","21,910","4,860","3,610","6,370","11,495","13,640","6,775","9,285","11,570","11,110","6,935","10,015","4,355","6,980","8,320","3,560","7,435","44,835","11,200","15,895","11,700","7,895","5,185","12,515","21,825","6,980","9,365","21,910","6,105","4,130","6,480","6,025","6,235","13,060","6,315"
Labour,Class of worker,    Self-employed,"182,935","1,320","1,385",790,"3,365","2,560","1,240","1,825","1,780","1,145","2,680",270,"1,215","1,470",675,600,830,"1,405",825,725,"1,050",525,"1,385",735,"2,335","1,205","1,380","1,005",910,700,"1,250","1,745","1,015","2,785","1,455","1,060","1,695","1,500",690,340,"1,515","1,195",650,"1,030","1,465","1,540",930,"1,060",615,755,"1,855","2,385",720,"1,220",700,530,570,"1,415",450,"2,945","1,195",530,680,"1,255","1,115",885,660,"2,160","1,650","1,455","1,775","1,775","1,415",760,"1,520",475,705,"1,145","2,745",600,"1,610",615,"1,050","1,690","2,215",715,"1,450","1,785","2,795","1,360",955,605,"1,535","1,055",735,"1,420","2,030",520,830,870,"1,085",650,460,"1,090","1,535","2,720","1,850",855,345,710,"1,235","2,550","2,170","1,275","2,180","1,290",615,"2,520",505,975,"1,595",700,790,"5,520","1,205","1,390","1,820",825,610,"1,390","4,155","1,270","1,180","2,070",975,475,"1,260","1,150","1,345","1,080",715
