Neighbourhood,Total - After-tax income groups in 2015 for the population aged 15 years and over in private households - 100% data,  Without after-tax income,  With after-tax income,  Percentage with after-tax income,"    Under $10,000 (including loss)","    $10,000 to $19,999","    $20,000 to $29,999","    $30,000 to $39,999","    $40,000 to $49,999","    $50,000 to $59,999","    $60,000 to $69,999","    $70,000 to $79,999","    $80,000 and over",Total - Employment income groups in 2015 for the population aged 15 years and over in private households - 100% data,  Without employment income,  With employment income,  Percentage with employment income,"    Under $5,000 (including loss)","    $5,000 to $9,999","    $10,000 to $19,999","    $20,000 to $29,999","    $30,000 to $39,999","    $40,000 to $49,999","    $50,000 to $59,999","    $60,000 to $69,999","    $70,000 to $79,999","    $80,000 and over","      $80,000 to $89,999","      $90,000 to $99,999","      $100,000 and over","Prevalence of low income based on the Low-income measure, after tax (LIM-AT) (%)","In low income based on the Low-income measure, after tax (LIM-AT)",0 to 17 years,0 to 5 years,  18 to 64 years,  65 years and over,"Prevalence of low income based on the Low-income cut-offs, after tax (LICO-AT) (%)",  0 to 17 years (%),    0 to 5 years (%),  18 to 64 years (%),  65 years and over (%),  Not in the labour force,  In the labour force,    Employed,    Unemployed,Participation rate,Employment rate,Unemployment rate,  Did not work,  Worked,"    Worked full year, full time",    Worked part year and/or part time,Total labour force aged 15 years and over by class of worker - 25% sample data,  Class of worker - not applicable,  All classes of workers,    Employee,    Self-employed
City of Toronto,"2,294,790","107,450","2,187,340",95.3,"395,780","425,580","330,405","261,435","213,815","154,925","112,495","84,300","208,615","2,294,785","716,035","1,578,750",68.8,"201,235","132,320","219,865","176,835","157,115","141,850","113,280","90,310","72,190","273,760","57,585","50,845","165,330",20.2,"543,390","125,675","42,690","347,775","69,935",17.4,20.7,20.9,17.8,11.9,"811,110","1,483,675","1,361,375","122,305",64.7,59.3,8.2,"791,795","1,502,995","750,555","752,440","1,483,675","46,135","1,437,540","1,254,610","182,935"
Agincourt North,"24,995","1,365","23,640",94.6,"5,225","6,475","3,945","2,780","2,005","1,220",745,525,720,"24,995","9,670","15,345",61.4,"2,245","1,685","2,915","2,120","1,720","1,360",985,670,460,"1,160",365,295,505,21.3,"6,145","1,395",510,"3,495","1,250",17.5,23.8,27.2,17.5,12.3,"11,130","13,865","12,510","1,360",55.4,50,9.8,"11,060","13,940","6,410","7,530","13,870",540,"13,330","12,010","1,320"
Agincourt South-Malvern West,"20,395","1,105","19,295",94.6,"4,590","4,640","3,075","2,270","1,665","1,150",695,500,710,"20,400","7,355","13,045",63.9,"1,920","1,420","2,310","1,730","1,365","1,160",860,660,460,"1,135",355,275,515,22.6,"5,315","1,130",390,"3,505",685,18.7,22,22.9,19.9,10.9,"8,345","12,045","10,855","1,185",59,53.2,9.8,"8,270","12,140","5,710","6,430","12,050",470,"11,585","10,200","1,385"
Alderwood,"10,265",335,"9,925",96.7,"1,395","1,565","1,590","1,325","1,170",930,625,510,830,"10,265","2,840","7,425",72.3,825,525,840,735,715,695,660,555,455,"1,415",360,330,730,8.2,985,195,70,630,160,7.1,7,6.9,7.5,5.5,"3,440","6,825","6,405",415,66.5,62.4,6.1,"3,245","7,015","3,870","3,140","6,820",130,"6,700","5,910",790
Annex,"26,305",620,"25,675",97.6,"3,995","3,790","2,955","2,590","2,370","1,930","1,630","1,215","5,200","26,290","6,625","19,670",74.8,"2,535","1,545","2,380","1,800","1,580","1,425","1,225","1,155",915,"5,095",770,630,"3,715",18.3,"5,245",415,160,"4,215",615,18.9,13.4,11.7,21.7,10.1,"7,740","18,560","17,305","1,250",70.6,65.8,6.7,"6,925","19,365","9,335","10,025","18,555",365,"18,195","14,825","3,365"
Banbury-Don Mills,"23,390","1,000","22,400",95.8,"3,320","3,265","2,725","2,450","2,360","1,905","1,550","1,135","3,675","23,395","7,840","15,545",66.4,"2,250","1,050","1,755","1,395","1,180","1,245","1,055",910,795,"3,890",690,640,"2,570",13.7,"3,705",720,235,"2,275",695,11.2,12.9,14.5,12.4,7,"9,370","14,015","13,010","1,010",59.9,55.6,7.2,"8,965","14,440","7,860","6,570","14,010",410,"13,625","11,055","2,560"
Bathurst Manor,"13,265",585,"12,680",95.6,"2,160","2,570","2,030","1,545","1,200",895,675,470,"1,140","13,265","4,010","9,250",69.7,"1,120",780,"1,435","1,090",910,860,610,535,430,"1,480",320,340,815,17,"2,655",545,185,"1,515",590,14.2,14.9,13.6,13.3,16.2,"4,640","8,620","8,000",620,65,60.3,7.2,"4,430","8,840","4,410","4,425","8,625",240,"8,385","7,140","1,240"
Bay Street Corridor,"23,940","1,045","22,900",95.7,"7,090","2,995","2,180","1,965","1,730","1,565","1,545","1,125","2,715","23,945","8,755","15,185",63.4,"2,215","1,370","1,765","1,335","1,165","1,005",935,"1,075",905,"3,420",735,595,"2,090",37.7,"9,665",785,380,"8,480",405,36.1,36.3,28.4,38.7,12.4,"8,950","15,000","13,455","1,535",62.7,56.2,10.2,"8,590","15,335","7,265","8,085","14,985",645,"14,350","12,525","1,825"
Bayview Village,"18,735",975,"17,755",94.8,"3,890","2,805","2,155","1,805","1,700","1,400","1,110",860,"2,035","18,720","6,215","12,520",66.9,"1,635",985,"1,640","1,275","1,125","1,035",885,825,660,"2,440",560,465,"1,405",23.7,"5,015",880,270,"3,655",485,20.4,25,21.4,22,9.9,"6,845","11,885","10,965",910,63.4,58.5,7.7,"6,655","12,070","5,995","6,080","11,885",410,"11,475","9,695","1,780"
Bayview Woods-Steeles,"11,150",570,"10,580",94.9,"2,215","1,985","1,425","1,085",915,730,580,455,"1,180","11,150","4,375","6,775",60.8,"1,165",630,960,685,590,475,390,335,300,"1,230",230,230,770,18.4,"2,335",535,125,"1,475",325,15.4,22.1,19.8,17.7,6.2,"4,940","6,205","5,720",495,55.7,51.3,8,"4,740","6,415","2,995","3,415","6,220",230,"5,970","4,830","1,145"
Bedford Park-Nortown,"18,560",875,"17,685",95.3,"2,480","2,140","2,050","1,635","1,350","1,125",935,810,"5,155","18,560","5,350","13,205",71.1,"1,850",845,"1,430","1,300",970,795,645,565,460,"4,370",390,370,"3,605",9.4,"2,170",495,150,"1,310",365,8.3,6.8,7.5,9.1,7.1,"6,715","11,835","11,185",650,63.8,60.3,5.5,"5,905","12,650","5,955","6,700","11,840",150,"11,690","9,005","2,680"
Beechborough-Greenbrook,"5,250",310,"4,945",94.2,850,"1,205",960,740,510,275,180,95,125,"5,255","1,885","3,370",64.1,440,315,535,485,435,375,255,165,120,235,80,55,100,28,"1,785",555,200,"1,055",170,21.9,30.4,33.7,20.3,16.1,"2,135","3,125","2,765",355,59.5,52.7,11.4,"2,135","3,120","1,470","1,645","3,120",125,"3,005","2,730",270
Bendale,"24,610","1,425","23,185",94.2,"5,175","4,820","3,730","3,150","2,320","1,575",965,635,800,"24,615","8,950","15,670",63.7,"2,220","1,520","2,300","1,950","1,815","1,575","1,255",910,650,"1,450",465,410,595,23.4,"6,815","1,725",580,"4,295",790,19.4,24.7,25.6,20.1,10.5,"10,335","14,270","13,020","1,255",58,52.9,8.8,"10,285","14,335","6,900","7,440","14,280",580,"13,695","12,485","1,215"
Birchcliffe-Cliffside,"18,345",780,"17,580",95.8,"2,795","2,945","2,500","2,015","1,840","1,515","1,045",895,"2,035","18,345","5,430","12,915",70.4,"1,765",940,"1,555","1,195","1,120","1,050",915,860,655,"2,845",540,595,"1,730",14.5,"3,150",660,215,"2,110",385,12.9,13.6,13.3,13.9,8.1,"6,355","12,000","10,945","1,055",65.4,59.6,8.8,"6,115","12,235","6,400","5,840","11,995",385,"11,610","10,145","1,470"
Black Creek,"16,965","1,140","15,815",93.2,"3,475","4,405","3,065","2,375","1,340",610,290,150,110,"16,960","6,975","9,995",58.9,"1,520","1,125","1,835","1,530","1,515","1,070",590,330,195,270,120,70,85,33,"7,105","2,565",895,"3,795",745,25.9,34.6,38.7,23.2,21.3,"7,655","9,300","8,115","1,180",54.8,47.8,12.7,"7,790","9,170","3,675","5,495","9,300",555,"8,740","8,065",675
Blake-Jones,"6,280",305,"5,985",95.3,"1,050","1,340",750,575,465,430,340,260,765,"6,280","1,975","4,305",68.6,570,345,555,400,320,325,270,265,215,"1,040",200,180,660,24.5,"1,885",470,135,"1,130",280,21.1,22.5,19.2,20.4,22.3,"2,200","4,080","3,740",345,65,59.6,8.5,"2,085","4,200","2,190","2,015","4,080",125,"3,955","3,360",600
Briar Hill-Belgravia,"12,360",580,"11,785",95.3,"1,975","2,520","2,320","1,735","1,230",745,490,305,450,"12,355","3,570","8,780",71.1,875,800,"1,380","1,255","1,195",975,670,440,365,825,240,205,375,17,"2,410",460,170,"1,585",365,14.8,15.5,17.7,15.2,12.1,"4,005","8,350","7,635",725,67.6,61.8,8.7,"3,950","8,395","3,970","4,435","8,350",260,"8,095","7,265",830
Bridle Path-Sunnybrook-York Mills,"7,750",445,"7,305",94.3,"1,280",660,570,415,425,415,395,375,"2,780","7,750","2,605","5,135",66.3,765,360,485,375,280,220,210,195,160,"2,075",140,145,"1,770",8.8,810,225,40,520,60,8.4,10.8,9.3,9.4,2.6,"3,230","4,515","4,155",360,58.3,53.6,8,"2,815","4,935","2,120","2,805","4,515",100,"4,415","3,010","1,405"
Broadview North,"9,880",335,"9,545",97,1430,"1,965",1615,"1,245","1,040",655,480,360,750,9880,2905,6970,71,770,515,1025,820,755,700,530,415,340,1110,255,220,630,22.6,2560,475,165,"1,700",385,18.5,21,19.4,19.2,13.2,3300,6575,"6,035",540,67,61,8.2,3240,6640,"3,475","3,170","6,580",195,"6,380","5,560",825
Brookhaven-Amesbury,"14,355",860,"13,480",94,2545,"3,085",2675,"2,005","1,380",770,440,280,300,14345,4775,9575,67,"1,265",955,1615,"1,425",1230,990,680,460,315,630,245,140,255,24.7,"4,375","1,445",490,"2,575",350,19.3,26,28,18.3,11.3,5240,9105,"8,195",915,64,57,10,5300,9045,"4,160","4,890","9,100",350,"8,755","8,025",725
Cabbagetown-South St. James Town,"10,195",220,"9,975",98,1270,"1,905",1255,"1,085",995,815,605,510,1540,"10,200",2545,7660,75,880,565,955,680,660,630,530,510,400,1875,330,295,1240,20.8,2290,190,60,"1,540",550,20.2,18,16.2,20.2,22,2925,7275,"6,695",585,71,66,8,2760,7435,"3,975","3,460","7,270",150,"7,120","6,070","1,050"
Caledonia-Fairbank,"8,420",395,"8,025",95,1390,"1,565",1535,"1,205",880,625,400,195,235,8415,2500,5915,70,610,460,860,805,790,690,515,390,285,510,180,130,200,14.2,1405,325,120,900,185,12.1,13.4,13.6,12.3,8.3,2875,5550,"5,145",400,66,61,7.2,2815,5600,"2,655","2,945","5,545",145,"5,405","4,880",525
Casa Loma,"9,580",265,9325,97,1210,"1,080",1005,895,805,720,580,495,2530,"9,590",2655,6940,72,930,495,675,580,520,495,410,385,295,2150,255,225,1660,12.5,1350,180,50,945,225,11.7,9.9,6.9,14,6.8,3160,6475,"6,055",425,67,63,6.6,2785,6840,"3,515","3,330","6,470",105,"6,365","4,980","1,385"
Centennial Scarborough,"11,190",565,"10,630",95,1685,"1,520",1260,"1,120","1,165",980,820,670,1405,"11,195",3210,7985,71,"1,140",590,885,620,585,655,610,495,460,1935,405,415,1110,6.2,830,250,55,495,80,5.3,7.1,5.1,5.4,2.5,4010,7185,"6,635",545,64,59,7.6,3775,7430,"3,990","3,430","7,185",225,"6,960","6,215",735
Church-Yonge Corridor,"29,095",705,"28,390",98,4955,"4,530",3255,"3,140","3,045","2,595","2,060","1,500","3,305","29,100","6,645",22440,77,"2,375","1,680",2615,"2,090","1,980","1,990","1,795","1,640","1,410","4,870","1,115",925,"2,840",26,7880,460,190,"6,810",605,25.8,28,22.2,26.8,15.6,7240,21855,"19,990","1,865",75,69,9,6970,22115,"11,775","10,350","21,845",625,"21,230","18,905","2,335"
Clairlea-Birchmount,"21,740","1,270","20,470",94,"3,850","4,165",3405,"2,690","2,230","1,545","1,010",725,855,21745,6805,14920,69,"1,910","1,320",2145,"1,805","1,565","1,540","1,235",960,745,"1,690",535,450,720,19.5,"5,135","1,605",565,"3,155",375,16.2,23,24.5,15.7,7.5,7545,14195,"12,960","1,240",65,60,9,7580,14165,"6,945","7,225","14,200",505,"13,695","12,495","1,205"
Clanton Park,"13,660",625,"13,035",95,1995,"2,380",2130,"1,755","1,155",955,680,540,1450,"13,655",3675,9980,73,"1,080",730,1440,"1,285",1130,915,660,580,395,1765,350,330,1080,14.9,"2,450",485,165,"1,475",495,12.8,11,9.8,12.9,15.2,4380,9275,"8,710",565,68,64,6.1,4085,9570,"4,985","4,590","9,270",200,"9,070","7,685","1,380"
Cliffcrest,"13,250",720,"12,525",95,2180,"2,455",1910,"1,435","1,265",970,660,545,1105,"13,255",4425,8820,67,"1,290",755,1210,885,795,780,620,500,425,1580,350,330,905,17.9,2825,780,220,"1,545",500,14.3,19,20.1,13,13.2,5045,8200,"7,410",795,62,56,9.7,4930,8325,"4,175","4,145","8,205",315,"7,880","6,885","1,005"
Corso Italia-Davenport,"12,170",505,"11,670",96,1890,"2,245",2110,"1,480","1,180",935,675,400,745,12170,3480,8690,71,915,650,1320,1060,935,875,660,575,480,1235,355,270,620,13.4,1885,320,120,"1,305",260,13.2,12,11.5,14.6,8.2,3890,8310,"7,710",600,68,63,7.2,3770,8430,"4,285","4,145","8,315",205,"8,105","7,190",910
Danforth,"7,950",260,7690,97,1135,"1,555",1085,720,640,525,495,435,1105,"7,950",2275,5680,71,630,445,695,475,455,465,335,315,330,1545,275,310,955,14.2,1360,180,55,760,415,13.5,8.1,6.2,13.6,20.7,2510,5445,"5,105",340,69,64,6.2,2345,5600,"3,085","2,510","5,440",100,"5,340","4,650",700
Danforth East York,"14,060",495,"13,555",96,1875,"2,455",1875,"1,440","1,390","1,105",900,840,"1,690","14,055",3940,10110,72,"1,075",665,1125,900,790,860,805,655,615,2620,585,560,1485,13.6,"2,330",490,150,"1,360",480,11.2,11,7.5,11.2,11.2,4640,9420,"8,770",650,67,62,6.9,4330,9725,"5,320","4,405","9,420",165,"9,255","7,995","1,250"
Don Valley Village,"22,760","1,235","21,520",95,"4,965","4,310",3215,"2,550","2,030","1,380","1,035",730,"1,325","22,765",8020,14745,65,"2,295","1,435",2250,"1,765","1,535","1,305",950,735,610,1860,480,450,940,23.5,"6,300","1,490",510,"4,145",665,19.7,25,23.1,20.9,9.5,8885,13880,"12,540","1,330",61,55,10,8920,13840,"6,505","7,335","13,870",575,"13,305","11,555","1,745"
Dorset Park,"20,130","1,170","18,960",94,"3,725","4,300",3510,"2,860","1,945","1,085",670,395,460,20130,6785,13335,66,"1,645","1,225",2180,"1,870","1,770","1,535",995,685,470,950,320,255,370,22.3,"5,440","1,615",555,"3,230",595,17,23,25.2,16.1,11.9,7415,12735,"11,495","1,230",63,57,10,7550,12575,"5,805","6,775","12,720",520,"12,210","11,190","1,015"
Dovercourt-Wallace Emerson-Junction,"31,825","1,060","30,765",97,"4,860","6,695",5355,"3,895","3,055","2,285","1,605","1,190","1,840","31,825",8515,23315,73,"2,295","1,900",3685,"2,920","2,570","2,210","1,810","1,440","1,200","3,270",885,760,1605,17.1,"6,205","1,000",340,"4,375",830,17,15,12.8,18.2,12.7,9420,22330,"20,710","1,610",70,65,7,9145,22600,"11,325","11,280","22,320",475,"21,845","19,065","2,785"
Downsview-Roding-CFB,"29,215","1,495","27,725",95,"4,595","6,060",5680,"4,245","2,955","1,735","1,060",610,770,29215,9835,19375,66,"2,260","1,735",3075,"2,775","2,590","2,180","1,535","1,005",750,"1,510",495,415,605,19.4,"6,760","1,945",685,"4,075",725,15.9,21,21.3,16,8.8,11210,18045,"16,630","1,420",62,57,8,10945,18320,"8,650","9,680","18,040",485,"17,565","16,100","1,455"
Dufferin Grove,"10,430",300,"10,120",97,1540,"2,105",1700,"1,425","1,030",780,580,315,650,10430,2570,7860,75,755,670,1235,980,910,740,610,495,440,1025,275,205,545,18,2105,300,100,"1,505",290,18.1,16,13.9,19.6,12.3,2870,7555,"6,995",565,72,67,7.5,2790,7630,"3,900","3,735","7,555",120,"7,440","6,380","1,060"
East End-Danforth,"17,295",760,"16,535",96,2695,"2,980",2135,"1,675","1,510","1,295","1,035",980,"2,205","17,295",4725,12575,73,"1,470",950,1500,"1,160",985,975,865,805,650,3230,625,655,1945,18.8,"3,955",790,245,"2,560",600,16.6,15,12.2,16.7,19.9,5170,12120,"11,125",990,70,64,8.2,5060,12235,"6,235","5,995","12,120",380,"11,745","10,045","1,695"
Edenbridge-Humber Valley,"13,070",500,"12,565",96,1815,"1,800",1710,"1,490","1,315",985,665,585,2215,"13,080",3855,9225,71,"1,170",710,1150,880,815,805,635,490,340,2200,305,310,1585,10.5,1600,330,110,"1,005",255,8.2,9.4,13.1,8.8,5.6,4650,8420,"7,915",510,64,61,6.1,4245,8825,"4,490","4,335","8,425",145,"8,285","6,785","1,500"
Eglinton East,"18,075","1,120","16,950",94,"3,350","3,990",3300,"2,565","1,710",940,505,260,330,18070,6510,11560,64,"1,675","1,135",1880,"1,730","1,575","1,240",835,545,320,635,225,165,245,26,"5,775","1,965",675,"3,330",480,20.4,30,34.9,19.4,10.3,7385,10690,"9,540","1,155",59,53,11,7570,10505,"4,685","5,830","10,695",570,"10,115","9,430",690
Elms-Old Rexdale,"7,640",475,"7,165",94,1475,"1,555",1330,"1,030",730,445,270,160,185,7640,2710,4935,65,730,545,750,625,600,520,365,255,175,370,125,100,140,23.2,2195,800,250,"1,215",180,17.9,27.1,27.7,16.4,9,3005,4635,"4,175",465,61,55,10,3080,4565,"2,145","2,420","4,640",205,"4,435","4,095",340
Englemount-Lawrence,"17,090","1,010","16,080",94,"2,740","3,280",2910,"2,045","1,545",935,675,465,1495,"17,085",5600,11475,67,"1,625","1,030",1755,"1,660","1,280",980,700,520,380,1545,275,245,1020,21.3,"4,665","1,395",435,"2,445",830,17.8,18,17.2,17.3,19,6330,10760,"9,805",955,63,57,8.9,6215,10865,"4,680","6,180","10,760",365,"10,390","8,875","1,515"
Eringate-Centennial-West Deane,"15,890",680,"15,220",96,2305,"2,470",2185,"1,895","1,760","1,450","1,025",795,"1,330","15,900",4845,11055,70,"1,570",890,1325,"1,020",930,985,865,780,630,2055,505,470,1080,9.7,1800,495,130,"1,040",260,7.5,11.7,10.1,7.4,3.8,5795,10105,"9,355",750,64,59,7.4,5570,10325,"5,405","4,920","10,105",255,"9,850","8,650","1,195"
Etobicoke West Mall,"9,770",485,"9,290",95,1610,"1,780",1585,"1,295","1,045",765,490,325,390,9770,2915,6855,70,900,620,970,760,760,710,595,445,335,750,235,190,325,18.3,2100,595,195,"1,290",215,14.7,22,22.6,14.4,7.3,3355,6420,"5,915",505,66,61,7.9,3295,6480,"3,275","3,200","6,415",200,"6,225","5,575",650
Flemingdon Park,"17,540","1,335","16,210",92,"3,675","4,210",3055,"2,055","1,320",795,465,265,380,17540,6985,10550,60,"1,590","1,135",1955,"1,530","1,275",965,665,460,295,680,205,165,305,34.7,"7,605","2,575",905,"4,215",810,27.2,39,40.6,24.8,17.2,7625,9910,"8,865","1,050",57,51,11,7835,9705,"4,110","5,590","9,915",505,"9,405","8,390","1,030"
Forest Hill North,"10,615",410,"10,200",96,1550,"1,610",1480,"1,120",930,725,535,410,1845,"10,610",2655,7955,75,995,585,1090,940,735,610,510,395,310,1795,235,225,1330,15.5,1960,390,110,"1,265",305,13.3,12,9.9,14.2,10.9,3085,7520,"6,960",560,71,66,7.4,2925,7685,"3,665","4,025","7,520",165,"7,360","5,900","1,465"
Forest Hill South,"9,260",255,9015,97,1130,945,970,880,780,680,550,420,2650,"9,260",2470,6795,73,910,430,725,635,520,495,405,345,285,2035,230,170,1640,10.7,1140,190,45,745,200,9.8,9.4,7,11.2,6.2,3175,6105,"5,765",340,66,62,5.6,2670,6615,"3,070","3,550","6,110",80,"6,030","4,500","1,540"
Glenfield-Jane Heights,"24,435","1,520","22,900",94,"4,460","6,005",4785,"3,415","2,140","1,070",535,260,230,24435,9800,14620,60,"2,020","1,610",2630,"2,210","2,065","1,595",965,620,370,550,245,150,160,25.7,"7,775","2,880",955,"4,000",895,20.9,32,34.2,18.9,13.1,10985,13440,"11,895","1,550",55,49,12,11370,13035,"6,150","6,915","13,435",700,"12,745","11,825",930
Greenwood-Coxwell,"11,915",445,"11,485",96,1875,"2,340",1585,"1,215","1,015",900,720,625,1205,"11,915",3425,8490,71,930,600,1100,830,725,710,590,580,525,1915,420,415,1070,19.7,"2,825",585,185,"1,820",430,17.6,17,12,17.5,18.9,3670,8245,"7,660",595,69,64,7.2,3615,8315,"4,580","3,740","8,250",215,"8,030","6,970","1,060"
Guildwood,"8,360",335,8020,96,1085,"1,160",1085,985,965,705,600,505,930,8360,2810,5555,66,885,380,630,425,420,450,425,315,335,1285,250,290,740,7.7,740,150,45,450,130,6.7,7.9,7,7.8,2.9,3390,4975,"4,575",395,60,55,7.9,3275,5085,"2,720","2,370","4,975",135,"4,840","4,235",615
Henry Farm,"13,205",880,"12,325",93,3205,"2,300",1720,"1,390","1,165",855,655,400,640,13205,4245,8960,68,"1,210",865,1350,"1,070",940,855,655,465,465,1075,335,230,500,29.6,"4,645","1,020",380,"3,320",305,25.4,28,27.8,26.5,11,4600,8605,"7,720",890,65,59,10.3,4590,8620,"3,930","4,685","8,610",320,"8,300","7,540",755
High Park North,"18,980",700,"18,280",96,2680,"2,790",2295,"2,160","1,905","1,600","1,275","1,000","2,585","18,970",4500,14475,76,"1,665","1,000",1640,"1,320","1,215","1,255","1,105",980,810,"3,505",695,625,2175,16.5,"3,605",480,190,"2,585",555,15.1,12,12.4,16,14.3,5265,13715,"12,740",970,72,67,7.1,4840,14120,"7,660","6,480","13,710",270,"13,445","11,590","1,855"
High Park-Swansea,"19,810",635,"19,175",97,2470,"2,435",2355,"2,100","2,035","1,695","1,420","1,090","3,575","19,810",4435,15380,78,"1,760","1,000",1565,"1,330","1,190","1,195","1,150",935,865,"4,390",755,685,2955,11.1,"2,600",490,125,"1,725",385,10.4,10,7.1,10.9,8.1,5290,14525,"13,650",865,73,69,6,4860,14945,"8,050","6,895","14,525",220,"14,295","11,925","2,385"
Highland Creek,"10,930",505,"10,420",95,1975,"2,015",1520,"1,270","1,140",790,530,455,735,10930,3530,7400,68,"1,105",695,1030,750,690,680,585,445,310,1105,280,295,535,10.5,1315,315,80,900,105,9.9,12.3,11.3,11.4,3.1,4270,6655,"6,095",565,61,56,8.5,4095,6840,"3,540","3,290","6,660",200,"6,450","5,740",720
Hillcrest Village,"14,795",755,"14,050",95,3070,"3,070",1860,"1,415","1,240",995,690,560,1150,"14,805",6135,8665,59,"1,375",845,1200,915,810,705,570,515,375,1365,320,310,735,21.9,3710,715,195,"1,970",1025,19.1,23,23.3,18.9,16.7,6870,7930,"7,270",660,54,49,8.3,6580,8225,"3,955","4,270","7,930",310,"7,605","6,390","1,220"
Humber Heights-Westmount,"8,665",345,"8,315",96,1235,"1,510",1365,"1,045",975,670,485,330,695,8665,2980,5690,66,765,450,770,585,515,495,510,350,295,945,215,230,485,14.6,1480,415,120,825,240,10.8,16,14,10.8,6.3,3540,5115,"4,745",380,59,55,7.4,3365,5295,"2,735","2,560","5,110",150,"4,960","4,275",700
Humber Summit,"10,260",610,"9,640",94,1845,"2,375",1950,"1,385",905,540,290,160,200,10255,4165,6090,59,780,620,1060,885,795,610,470,300,190,375,125,95,150,19.7,2450,830,270,"1,355",260,16,26,27.7,15.8,5.9,4505,5755,"5,200",555,56,51,9.6,4510,5745,"2,575","3,170","5,755",240,"5,515","4,990",530
Humbermede,"12,585",780,"11,805",94,2410,"2,770",2365,"1,735","1,220",615,330,190,175,12585,4490,8090,64,"1,055",790,1410,"1,210",1100,880,615,380,235,410,165,115,130,22.7,"3,520","1,185",410,"2,000",340,18.4,25,26,17.8,9.7,4950,7640,"6,865",780,61,55,10.2,4935,7650,"3,555","4,095","7,635",310,"7,335","6,760",570
Humewood-Cedarvale,"12,065",395,"11,670",97,1655,"2,010",1845,"1,405","1,105",785,600,475,1800,"12,070",2670,9405,78,"1,100",695,1220,"1,170",945,820,635,460,365,1980,315,280,1380,15.7,2235,310,90,"1,590",340,14.5,9,8.1,15.7,15.3,3175,8890,"8,265",630,74,69,7.1,2870,9190,"4,390","4,810","8,890",170,"8,725","7,315","1,415"
Ionview,"11,300",715,"10,580",94,2000,"2,435",2015,"1,640","1,120",645,365,195,185,11295,3945,7360,65,980,640,1130,1020,1060,865,590,370,295,405,150,110,145,23.3,"3,175",900,380,"1,920",360,18.6,26,29.3,17.9,11.4,4380,6905,"6,295",610,61,56,8.8,4320,6975,"3,200","3,775","6,915",235,"6,675","6,225",450
Islington-City Centre West,"37,405","1,385","36,015",96,"5,430","6,015",4830,"4,525","4,080","3,255","2,315","1,785","3,765","37,420","10,240",27170,73,"3,065","1,925",3315,"2,585","2,530","2,540","2,230","1,990","1,555","5,450","1,245","1,105","3,100",15.8,"6,810","1,510",520,"4,240","1,065",13,17,16.6,12.6,10.3,11725,25665,"23,805","1,870",69,64,7,11355,26055,"14,355","11,695","25,670",680,"25,000","22,050","2,945"
Junction Area,"12,005",450,"11,545",96,1785,"1,975",1650,"1,345","1,305",995,760,630,1120,"12,000",2705,9300,78,"1,005",665,1225,950,840,870,775,620,535,1815,435,415,970,13.5,1900,310,90,"1,390",205,13.2,11,8.5,14,11.1,3110,8890,"8,390",500,74,70,5.6,2940,9060,"4,770","4,305","8,885",180,"8,700","7,510","1,195"
Keelesdale-Eglinton West,"9,435",555,"8,875",94,1535,"2,055",1780,"1,200",885,610,360,235,225,9430,3305,6120,65,635,545,950,845,775,695,480,380,280,530,205,130,205,18.3,2015,455,135,"1,140",415,14.9,18,18.5,13.9,15.7,3780,5645,"5,155",485,60,55,8.6,3745,5675,"2,645","3,040","5,645",185,"5,465","4,925",530
Kennedy Park,"14,320",835,"13,485",94,2580,"3,400",2490,"1,845","1,405",750,470,285,265,14325,5340,8990,63,"1,225",850,1420,"1,275",1080,"1,030",720,460,310,605,220,180,205,26.3,"4,500","1,255",440,"2,645",610,22.1,29,33.6,21.4,15.1,5810,8510,"7,730",775,59,54,9.1,5900,8430,"3,950","4,475","8,515",370,"8,145","7,460",680
Kensington-Chinatown,"16,145",430,"15,715",97,3730,"4,105",2235,"1,555","1,215",815,605,470,990,16150,5620,10530,65,"1,535","1,170",1845,"1,205",980,810,640,500,420,1405,330,280,795,33.2,5800,565,210,"4,095",1140,34.9,32,29.3,35.6,33.8,6045,10105,"9,290",825,63,58,8.2,5945,10205,"4,520","5,695","10,110",295,"9,815","8,565","1,255"
Kingsview Village-The Westway,"17,745","1,010","16,745",94,"3,280","3,610",2880,"2,220","1,720","1,160",675,480,730,17750,6685,11070,62,"1,740","1,030",1760,"1,335","1,255","1,075",785,590,400,1090,335,245,510,24.9,"5,470","2,025",735,"3,050",395,19.7,29,32.1,19.4,7.5,7475,10265,"9,245","1,020",58,52,10,7425,10315,"4,695","5,620","10,260",430,"9,830","8,715","1,115"
Kingsway South,7590,275,7305,96,945,670,635,605,580,555,475,450,2395,"7,585",2230,5370,71,820,355,430,320,280,265,240,230,210,2200,175,235,1800,4.5,415,80,20,280,60,4.1,3.1,3.7,4.9,2.4,2805,4790,"4,440",360,63,59,7.5,2450,5150,"2,605","2,530","4,790",100,"4,685","3,800",885
Lambton Baby Point,6280,325,5955,95,945,930,700,580,515,400,345,315,1210,"6,285",1835,4450,71,625,320,505,350,305,260,240,210,210,1415,185,205,1025,18.5,1475,465,160,830,180,15.1,18.3,20.3,14.2,12.7,2080,4200,"3,885",320,67,62,7.6,1965,4310,"2,130","2,180","4,200",120,"4,085","3,425",660
L'Amoreaux,"37,375","2,030","35,355",95,"7,720","8,935",6100,"4,205","3,140","1,935","1,200",850,"1,260","37,380",14520,22855,61,"3,455","2,490",3955,"3,075","2,570","2,095","1,555","1,030",700,"1,905",580,430,890,23.5,"10,220","2,495",865,"5,965","1,770",19.5,26,28,19.8,12.6,16235,21145,"18,855","2,300",57,50,11,16560,20820,"9,730","11,080","21,145","1,070","20,065","17,910","2,160"
Lansing-Westgate,"13,650",620,"13,030",96,2485,"1,975",1535,"1,300","1,170",935,775,660,2185,"13,650",3860,9785,72,"1,200",685,1305,945,800,680,670,545,465,2480,395,420,1670,17.6,"2,830",405,150,"2,145",280,15.5,11,13,17.6,9.4,4450,9195,"8,530",665,67,63,7.2,4105,9550,"4,875","4,680","9,195",180,"9,005","7,365","1,650"
Lawrence Park North,"11,280",535,10750,95,1485,"1,165",885,785,740,740,680,680,3570,"11,285",2740,8540,76,"1,060",525,710,525,415,415,420,355,375,3745,370,425,2955,6.7,980,180,45,610,195,6.1,4,2.9,6.7,7.7,3335,7945,"7,435",505,70,66,6.4,2915,8370,"4,565","3,790","7,945",115,"7,830","6,375","1,455"
Lawrence Park South,"12,270",550,11715,96,1715,"1,225",975,890,825,725,685,575,4080,"12,260",3130,9140,75,"1,305",600,855,620,495,505,415,340,345,3650,310,280,3060,7.3,1100,210,45,785,120,6.8,5.3,5.3,8.1,3.5,3895,8365,"7,740",625,68,63,7.5,3360,8905,"4,330","4,560","8,365",205,"8,160","6,375","1,775"
Leaside-Bennington,"13,355",635,"12,725",95,1870,"1,350",1155,"1,010","1,040",870,790,725,3920,"13,360",3360,9990,75,"1,395",700,895,675,585,505,470,415,380,3975,370,440,3160,6.9,"1,140",240,65,760,150,5.9,4.4,4.9,6.7,4.4,4215,9145,"8,510",635,69,64,6.9,3750,9605,"5,000","4,605","9,140",150,"8,985","7,210","1,775"
Little Portugal,"13,655",305,"13,350",98,1820,"2,425",2180,"1,795","1,545","1,130",850,570,"1,035","13,655",2790,10865,80,870,750,1555,1300,1145,"1,200",895,740,625,1780,490,355,940,15.6,2350,315,90,"1,835",200,16.7,15,12,17.8,8.5,3005,10650,"9,965",685,78,73,6.4,2940,10715,"5,910","4,805","10,650",130,"10,515","9,105","1,415"
Long Branch,"8,720",295,"8,430",97,1235,"1,530",1335,"1,080",965,645,485,395,745,8725,2220,6505,75,770,475,820,680,665,650,525,400,335,1185,295,255,635,17.6,1775,295,110,"1,245",230,15.1,13,11.4,16.1,12.1,2565,6160,"5,725",440,71,66,7.1,2475,6240,"3,365","2,885","6,165",175,"5,980","5,225",760
Malvern,"35,880","2,335","33,525",93,"7,225","7,990",5935,"4,770","3,535","1,975",995,580,510,35885,12255,23610,66,"3,410","2,420",3785,"3,305","3,110","2,670","1,895","1,135",730,"1,140",440,305,390,20.4,"8,935","2,910",955,"5,000","1,035",15.4,22,24.2,14.5,10,13610,22260,"19,925","2,335",62,56,11,13850,22030,"10,110","11,905","22,260","1,015","21,260","19,735","1,520"
Maple Leaf,"8,365",430,"7,945",95,1280,"1,595",1665,"1,240",840,455,325,210,335,8365,2830,5535,66,625,495,870,805,735,595,405,245,200,570,160,130,280,15.2,1495,410,160,905,185,11.8,16.2,16.8,12.3,5.8,3220,5145,"4,735",415,61,57,8.1,3125,5240,"2,565","2,685","5,150",145,"5,005","4,530",475
Markland Wood,"9,110",330,"8,775",96,1210,"1,285",1180,"1,045",970,790,600,470,1220,"9,105",2900,6205,68,960,455,720,530,475,460,470,365,300,1445,270,275,895,8.3,870,180,55,525,165,6.4,7.4,9.2,7.2,3.3,3665,5445,"5,115",335,60,56,6.2,3395,5710,"3,140","2,575","5,455",105,"5,350","4,645",705
Milliken,"22,370","1,185","21,200",95,"4,940","6,165",3560,"2,315","1,615","1,010",630,390,580,22375,8540,13840,62,"1,990","1,740",2880,"2,000","1,430","1,115",795,575,380,915,295,215,395,22.1,"5,760","1,345",550,"3,415",990,21.2,29,34.3,21.6,12.3,10185,12195,"11,035","1,160",55,49,10,9980,12405,"5,600","6,775","12,185",530,"11,675","10,510","1,145"
Mimico (includes Humber Bay Shores),"29,835",865,"28,975",97,3990,"4,780",3825,"3,460","3,160","2,600","2,150","1,590","3,395","29,840","7,500",22325,75,"2,380","1,450",2560,"2,085","1,990","2,045","1,805","1,620","1,370","5,015","1,180",950,"2,885",18.2,"6,060",855,325,"4,110",1080,15.6,17,14.3,15.4,16.1,8685,21160,"19,865","1,305",71,67,6,8300,21535,"12,190","9,350","21,155",430,"20,735","17,990","2,745"
Morningside,"14,275",825,"13,450",94,2860,"2,950",2340,"1,830","1,380",855,485,325,425,14275,4920,9360,66,"1,500",940,1435,"1,210",1110,945,725,475,270,750,235,230,290,23.8,"4,085","1,250",425,"2,490",345,19.1,27,30.4,19.1,7.5,5510,8760,"7,770",995,61,54,11.4,5765,8515,"3,740","4,770","8,770",475,"8,285","7,670",600
Moss Park,"17,025",425,"16,610",98,2730,"3,440",1935,"1,540","1,450","1,250","1,130",945,"2,175","17,030",4425,12610,74,"1,275",945,1555,"1,090",1000,930,905,835,790,3260,640,585,2045,31.9,5895,830,290,"4,410",655,29.7,37,31.9,28.4,34.9,4700,12325,"11,485",845,72,68,6.9,4605,12425,"6,660","5,770","12,325",315,"12,010","10,400","1,610"
Mount Dennis,"10,870",610,"10,260",94,1935,"2,420",1905,"1,585","1,130",630,310,180,175,10865,3475,7390,68,945,755,1175,1020,1005,900,570,355,255,400,150,120,125,25.3,3355,"1,060",395,"2,030",280,21.2,30,32.8,19.8,13.3,3970,6905,"6,150",745,64,57,10.8,3980,6890,"3,135","3,750","6,900",305,"6,595","5,990",615
Mount Olive-Silverstone-Jamestown,"25,740","1,890","23,850",93,"5,510","6,065",4660,"3,430","2,100","1,045",525,285,245,25740,9740,16005,62,"2,390","1,785",2950,"2,495","2,245","1,605","1,005",600,360,580,225,165,185,27.9,"9,155","3,365","1,125","5,095",690,21.8,30,31.3,20,12.2,10975,14765,"12,975","1,785",57,50,12,11185,14560,"5,850","8,705","14,760",820,"13,955","12,900","1,050"
Mount Pleasant East,"13,780",580,"13,200",96,1755,"1,580",1420,"1,250","1,150","1,000",810,810,"3,415","13,775",3210,10565,77,"1,295",640,970,815,730,705,655,570,420,3750,460,485,2800,10.3,"1,730",255,65,"1,080",400,9.2,6,3.6,9.6,12,4055,9720,"9,050",670,71,66,6.9,3595,10180,"5,510","4,680","9,715",175,"9,550","7,850","1,690"
Mount Pleasant West,"26,550",965,"25,570",96,3705,"3,740",3100,"3,060","3,115","2,360","1,970","1,435","3,110","26,550",6380,20170,76,"2,025","1,240",2170,"1,860","1,855","1,965","1,835","1,505","1,305","4,410","1,040",795,"2,575",20.8,"6,025",700,240,"4,355",975,18.6,20,16,18.3,18.8,6765,19780,"18,450","1,330",75,70,7,6805,19750,"11,375","8,370","19,785",475,"19,320","17,095","2,215"
New Toronto,"9,680",375,"9,310",96,1560,"2,050",1440,"1,110",970,655,455,395,685,9675,2810,6865,71,890,595,925,720,705,610,570,405,340,1115,290,235,585,24.8,2800,500,170,"1,795",500,21.6,20,16.4,21.4,24.6,3220,6460,"5,895",565,67,61,8.7,3050,6630,"3,180","3,440","6,460",180,"6,275","5,555",715
Newtonbrook East,"13,950",735,"13,210",95,3380,"2,775",1705,"1,260","1,040",830,660,440,1115,"13,945",5410,8545,61,"1,275",795,1395,940,785,635,525,465,360,1375,325,260,800,27.4,4260,630,190,"2,940",690,24.9,27,25.4,26.4,17.4,5875,8085,"7,375",710,58,53,8.8,5715,8235,"3,850","4,385","8,080",285,"7,805","6,350","1,450"
Newtonbrook West,"20,825","1,155","19,670",95,"4,600","4,560",3395,"2,285","1,625","1,000",685,520,"1,000","20,825",7525,13315,64,"1,785","1,370",2455,"1,945","1,465","1,185",705,555,420,1435,340,325,770,26.3,"6,215","1,035",305,"4,225",955,23.2,25,22.3,24.9,15.3,8390,12435,"11,390","1,050",60,55,8,8265,12570,"5,780","6,775","12,440",410,"12,035","10,250","1,785"
Niagara,"28,395",460,"27,935",98,2840,"3,200",2735,"2,935","3,530","3,330","2,765","2,110","4,500","28,390","3,335",25045,88,"1,510","1,120",2315,"1,845","1,980","2,275","2,340","2,285","2,030","7,365","1,690","1,345","4,325",13.7,"4,185",490,220,"3,430",270,13.3,18,13,12.9,14.1,3795,24595,"23,490","1,110",87,83,5,3490,24905,"15,695","9,220","24,595",260,"24,340","21,550","2,795"
North Riverdale,"9,735",295,9435,97,1375,"1,415",1085,890,810,695,555,545,2050,"9,725",2145,7585,78,955,550,820,600,520,550,405,420,340,2435,335,370,1735,10.9,1275,185,50,900,195,10.4,5.7,5.6,11.8,9.8,2575,7160,"6,780",380,74,70,5.3,2355,7380,"3,630","3,750","7,165",125,"7,035","5,675","1,360"
North St. James Town,"16,080",735,"15,335",95,3065,"3,910",2660,"2,020","1,440",755,580,340,545,16075,4830,11245,70,"1,420","1,060",1900,"1,600","1,435","1,180",755,465,435,990,290,220,485,36.5,"6,695","1,280",530,"4,770",635,33.1,38,37.6,32.4,31.8,5225,10845,"9,715","1,125",68,60,10,5485,10590,"4,835","5,765","10,845",475,"10,375","9,410",955
Oakridge,"10,750",730,"10,020",93,2325,"2,900",1830,"1,165",725,455,305,150,165,10750,4490,6260,58,"1,030",720,1250,830,665,565,365,260,215,355,115,105,130,42.6,"5,795","1,860",680,"3,455",480,35,42,45.3,33.5,25.9,4605,6150,"5,250",900,57,49,14.6,4820,5935,"2,315","3,615","6,155",430,"5,725","5,125",605
Oakwood Village,"17,835",735,"17,110",96,2735,"3,810",3075,"2,240","1,670","1,090",810,575,"1,085","17,835",5565,12270,69,"1,420","1,000",1840,"1,570","1,410","1,220",870,675,575,1705,405,390,905,18.6,"3,905",780,260,"2,320",815,16.3,16,14.9,16.2,17.3,6120,11725,"10,920",800,66,61,6.8,6005,11825,"5,855","5,980","11,715",215,"11,505","9,965","1,535"
O'Connor-Parkview,"15,395",860,"14,540",94,2605,"2,850",2425,"1,795","1,420","1,010",695,605,"1,135","15,395",5120,10275,67,"1,440",855,1405,"1,170",1050,900,720,590,460,1690,380,375,935,22.5,"4,160","1,215",420,"2,580",365,19.9,28,29.8,19.6,9.8,5820,9580,"8,620",970,62,56,10.1,5720,9675,"4,865","4,810","9,575",360,"9,215","8,160","1,055"
Old East York,"7,745",305,7440,96,1090,"1,275",1090,825,760,610,460,400,930,7740,2205,5535,72,660,405,675,515,500,425,415,335,280,1320,260,290,775,13.5,1245,265,80,775,200,11.5,11.5,12.5,12.3,9.3,2625,5115,"4,870",255,66,63,5,2500,5245,"2,795","2,440","5,115",100,"5,005","4,270",735
Palmerston-Little Italy,"12,495",260,"12,235",98,1715,"2,310",1975,"1,490","1,285",920,720,485,1325,"12,500",2940,9560,77,940,765,1435,1110,935,775,805,600,475,1720,330,310,1080,13.8,1895,165,40,"1,420",325,17.7,9,7.5,19.9,12,3220,9275,"8,640",630,74,69,6.8,3180,9325,"4,660","4,670","9,270",175,"9,095","7,680","1,420"
Parkwoods-Donalda,"28,890","1,770","27,115",94,"5,090","5,145",4280,"3,435","2,795","2,040","1,395",985,"1,955","28,890",9390,19525,68,"2,800","1,685",2725,"2,245","1,935","1,885","1,515","1,185",865,"2,705",640,575,1475,20.6,"7,150","2,110",655,"4,295",755,16.6,23,23.4,16.3,8.7,10645,18240,"16,565","1,685",63,57,9,10515,18390,"8,955","9,440","18,245",735,"17,505","15,490","2,030"
Pelmo Park-Humberlea,"8,975",455,"8,510",95,1335,"1,550",1460,"1,210","1,000",715,505,350,380,8970,2710,6265,70,690,500,830,715,710,665,560,435,340,840,275,225,325,11.4,1225,330,100,745,145,9.3,10.9,11.1,9.5,6,3100,5870,"5,520",355,65,62,6,3055,5915,"3,155","2,760","5,870",130,"5,740","5,230",520
Playter Estates-Danforth,6490,195,6290,97,835,"1,075",805,645,565,495,325,350,1200,"6,495",1495,4990,77,600,315,620,445,390,395,315,270,220,1425,225,215,980,13.6,1040,95,35,710,235,12.7,5.6,5.3,14,15.2,1815,4680,"4,385",300,72,68,6.4,1595,4895,"2,595","2,295","4,680",70,"4,600","3,780",830
Pleasant View,"13,760",720,"13,035",95,2805,"2,685",2120,"1,520","1,335",800,625,440,695,13765,5105,8650,63,"1,270",830,1300,990,855,845,625,450,370,1105,325,280,515,17.5,2770,610,175,"1,775",385,15.9,21,21.4,17.5,6.9,5640,8125,"7,315",810,59,53,10,5685,8075,"3,895","4,170","8,130",350,"7,775","6,900",870
Princess-Rosethorn,"9,275",435,8835,95,1340,"1,065",905,745,755,740,575,525,2190,"9,275",2655,6615,71,970,500,695,495,420,375,370,305,300,2175,260,305,1620,7.2,800,210,60,490,95,6,7.2,7.9,6.3,3.7,3395,5875,"5,520",355,63,60,6,2905,6365,"3,245","3,125","5,880",80,"5,795","4,715","1,085"
Regent Park,"9,040",470,"8,575",95,1950,"2,285",1325,885,635,495,345,235,430,9040,3075,5970,66,925,640,1020,690,575,475,365,325,230,725,170,155,395,42.3,4515,"1,175",305,"2,955",390,35.3,46,41.1,32,40.6,3375,5660,"5,120",545,63,57,9.6,3465,5580,"2,535","3,050","5,660",210,"5,450","4,805",650
Rexdale-Kipling,"8,725",455,"8,265",95,1460,"1,795",1490,"1,120",930,580,375,250,260,8725,2885,5835,67,770,540,880,750,645,635,485,350,245,540,185,170,185,18.6,1930,555,200,"1,165",210,15.8,23,24.1,15.3,9.7,3240,5480,"4,880",600,63,56,10.9,3235,5490,"2,720","2,770","5,480",210,"5,265","4,815",460
Rockcliffe-Smythe,"18,735",945,"17,800",95,3130,"4,075",3250,"2,515","1,895","1,235",770,460,475,18735,6615,12135,65,"1,540","1,105",1890,"1,605","1,395","1,335",965,695,560,1065,405,260,405,22.8,"5,060","1,355",465,"2,895",820,18.5,24,24.9,17.5,15.9,7525,11215,"10,180","1,030",60,54,9,7435,11315,"5,505","5,810","11,215",415,"10,795","9,710","1,090"
Roncesvalles,"12,575",445,"12,130",97,1800,"2,525",1735,"1,320","1,120",835,705,590,1505,"12,580",3290,9285,74,970,715,1240,945,840,810,615,560,460,2115,440,365,1300,19.9,2965,485,160,"1,920",560,19.3,15,14.7,19.2,26.7,3550,9020,"8,415",600,72,67,6.7,3355,9210,"4,600","4,620","9,025",185,"8,835","7,300","1,535"
Rosedale-Moore Park,"18,000",660,"17,330",96,2330,"1,690",1570,"1,385","1,470","1,270","1,155",920,"5,530","18,005",5535,12475,69,"1,885",765,1140,870,735,675,685,565,560,4605,440,440,3725,10.2,2110,290,95,"1,485",315,9.7,8,8.2,12.1,4.7,6490,11510,"10,815",695,64,60,6,5925,12080,"5,960","6,120","11,515",210,"11,305","8,595","2,720"
Rouge,"38,125","2,155","35,955",94,"6,705","7,105",5345,"4,710","4,070","2,730","1,820","1,310","2,130","38,115",11180,26935,71,"3,475","2,350",3655,"3,165","2,835","2,830","2,280","1,600","1,275","3,455",885,855,1735,9.5,"4,395","1,440",430,"2,515",445,7.8,12,12.6,7.2,4.8,13485,24645,"22,625","2,010",65,59,8,13090,25025,"12,710","12,310","24,635",875,"23,775","21,910","1,850"
Runnymede-Bloor West Village,"8,025",320,7705,96,1040,935,840,740,705,645,545,530,1725,"8,025",1830,6190,77,690,380,570,465,395,395,390,385,375,2150,305,350,1495,6.9,690,130,50,450,105,5.8,4.2,3.9,6.4,4.4,2200,5825,"5,535",295,73,69,5.1,2000,6020,"3,340","2,685","5,825",105,"5,725","4,860",855
Rustic,"7,825",480,"7,340",94,1300,"1,880",1510,995,705,370,215,160,210,7825,3175,4645,59,690,560,760,670,535,415,320,195,140,375,120,100,155,31.7,3090,"1,145",405,"1,560",395,24.2,37,41.8,21.8,14.3,3720,4100,"3,735",375,52,48,9.1,3595,4230,"1,870","2,355","4,100",140,"3,965","3,610",345
Scarborough Village,"13,075",870,"12,205",93,2660,"3,045",2115,"1,510","1,155",660,415,210,440,13075,5035,8045,62,"1,380",830,1395,"1,020",890,765,530,355,270,610,165,125,320,32.4,"5,325","1,900",650,"3,035",400,25.7,36,39.1,24.4,12,5535,7540,"6,560",980,58,50,13,5680,7385,"3,280","4,105","7,540",460,"7,080","6,370",710
South Parkdale,"18,585",585,"17,995",97,2985,"4,515",3330,"2,570","1,745","1,110",650,430,685,18590,5025,13550,73,"1,425","1,195",2260,"1,915","1,760","1,555",975,725,525,1245,370,255,630,30.5,6290,905,330,"4,585",815,27.1,27,26.7,26.9,29.5,5455,13135,"12,020","1,125",71,65,9,5430,13165,"6,095","7,065","13,135",405,"12,730","11,495","1,235"
South Riverdale,"23,135",740,"22,410",97,3505,"4,365",2775,"2,210","1,940","1,660","1,440","1,270","3,260","23,140",5900,17240,75,"1,795","1,205",2060,"1,535","1,415","1,320","1,150","1,075",965,"4,715",890,835,2990,18.7,"5,055",910,255,"3,315",830,17.6,18,11.1,17.1,20.7,6600,16535,"15,470","1,070",71,67,7,6500,16640,"9,320","7,320","16,535",355,"16,190","13,640","2,550"
St.Andrew-Windfields,"15,040",820,"14,225",95,2710,"2,000",1500,"1,220","1,195",985,760,655,3190,"15,040",4950,10080,67,"1,455",790,1225,925,785,670,585,480,390,2815,360,350,2090,15.9,2810,720,145,"1,850",250,13.4,17,14.8,14.5,6.1,5795,9255,"8,475",770,62,56,8.3,5355,9690,"4,350","5,350","9,245",300,"8,940","6,775","2,170"
Steeles,"21,120","1,045","20,075",95,"4,635","5,380",3185,"2,190","1,555","1,105",690,525,795,21120,8590,12535,59,"1,885","1,510",2325,"1,655","1,230",990,765,560,415,1225,360,270,600,21,"5,105","1,045",330,"2,885","1,190",19.9,27,27.8,20.8,12.7,10085,11035,"9,990","1,045",52,47,10,9740,11375,"5,210","6,170","11,035",490,"10,550","9,285","1,275"
Stonegate-Queensway,"20,840",735,"20,100",96,2855,"2,960",2660,"2,325","2,005","1,630","1,190","1,065","3,400","20,845",5650,15190,73,"1,900","1,080",1760,"1,310","1,185","1,245","1,025",890,680,"4,120",620,670,2830,11.6,"2,895",615,220,"1,865",425,9.5,9,9.6,10.2,7,6790,14060,"13,125",935,68,63,6.7,6280,14565,"7,555","7,015","14,065",295,"13,765","11,570","2,180"
Tam O'Shanter-Sullivan,"23,145","1,210","21,940",95,"4,435","5,265",3740,"2,730","1,985","1,335",865,600,950,23145,9110,14035,61,"2,110","1,420",2185,"1,845","1,550","1,270",995,720,560,1395,415,330,655,23.8,"6,425","1,510",525,"3,590","1,325",19.1,25,26.3,19.1,14.2,10225,12910,"11,730","1,175",56,51,9,10145,13015,"6,025","6,975","12,920",520,"12,410","11,110","1,290"
Taylor-Massey,"12,535",785,"11,745",94,2555,"2,840",2170,"1,485","1,100",660,425,240,280,12530,4360,8170,65,"1,195",855,1385,"1,135",990,770,580,395,315,565,210,130,225,32.9,"5,100","1,485",615,"3,240",370,27.3,35,37.4,26.8,14.9,4595,7935,"7,030",910,63,56,11.5,4615,7915,"3,520","4,400","7,945",395,"7,540","6,935",615
The Beaches,"17,615",685,"16,930",96,2315,"2,010",1750,"1,530","1,485","1,345","1,190","1,010","4,310","17,620",4085,13535,77,"1,710",870,1290,"1,060",865,800,745,705,650,4840,570,670,3600,9.4,"2,010",315,75,"1,405",275,8.2,5,3.3,9.3,7.3,4920,12710,"11,985",725,72,68,5.7,4195,13435,"6,905","6,525","12,710",175,"12,530","10,015","2,520"
Thistletown-Beaumond Heights,"8,395",455,"7,940",95,1560,"1,765",1480,"1,150",765,490,285,195,250,8395,2975,5420,65,780,510,905,720,685,525,360,280,195,455,140,130,190,17.8,1800,570,195,"1,045",190,14.7,21.3,24,14.5,7.4,3335,5060,"4,540",525,60,54,10.4,3300,5100,"2,405","2,700","5,065",205,"4,855","4,355",505
Thorncliffe Park,"15,250","1,355","13,890",91,"3,235","3,775",2570,"1,470","1,075",645,460,295,370,15245,6580,8660,57,"1,340","1,000",1770,"1,105",880,690,530,375,285,695,215,170,310,45.5,"9,490","3,825","1,520","4,990",665,36,48,51.8,33.1,20.6,6760,8490,"7,415","1,070",56,49,13,7105,8145,"3,395","4,745","8,490",530,"7,960","6,980",975
Trinity-Bellwoods,"14,490",320,"14,160",98,2240,"2,945",2305,"1,545","1,380",970,705,540,1525,"14,485",3795,10700,74,"1,060",905,1730,"1,205",975,905,795,595,500,2020,385,345,1290,14.7,2385,270,100,"1,810",290,17.6,12,11.3,20.2,9.2,4440,10055,"9,440",610,69,65,6.1,4275,10205,"5,330","4,875","10,050",135,"9,915","8,320","1,595"
University,"6,170",155,6015,98,1230,"1,135",860,635,485,385,305,220,755,6170,1630,4535,74,700,450,690,445,365,325,260,240,180,870,150,135,585,22.4,1495,95,25,"1,255",150,26.4,15,6.5,30.8,10.5,1760,4405,"4,035",365,72,66,8.3,1700,4465,"1,950","2,520","4,405",150,"4,265","3,560",700
Victoria Village,"14,555",770,"13,780",95,2580,"3,115",2320,"1,840","1,445",895,560,395,635,14550,5385,9170,63,"1,315",790,1355,"1,055",1085,975,685,525,365,995,260,230,500,25.9,"4,455","1,125",335,"2,570",780,20.1,26,23.9,19.2,17.1,5940,8620,"7,745",870,59,53,10.1,5975,8575,"4,315","4,270","8,620",385,"8,235","7,435",790
Waterfront Communities-The Island,"61,985","1,375","60,620",98,"7,830","6,735",5700,"6,120","6,880","6,565","5,650","4,385","10,750","61,995","10,100","51,890",84,"3,650","2,475",4800,"3,905","3,965","4,340","4,405","4,550","3,885","15,935","3,315","2,640","9,990",16.5,"10,820","1,020",430,"8,875",910,16,21,15.4,15.9,13.6,10885,51100,"48,470","2,640",82,78,5,10485,51500,"31,670","19,830","51,120",745,"50,370","44,835","5,520"
West Hill,"22,395","1,340","21,055",94,"4,170","4,930",3580,"2,810","2,210","1,360",790,530,665,22395,8435,13965,62,"2,200","1,295",2100,"1,725","1,660","1,410","1,075",770,510,"1,215",355,345,525,25.2,"6,780","2,080",675,"3,970",730,20.8,29,31.9,20,13.4,9300,13100,"11,585","1,515",59,52,12,9405,12990,"5,990","6,995","13,095",695,"12,400","11,200","1,205"
West Humber-Clairville,"27,845","1,585","26,255",94,"5,445","5,710",4650,"3,870","2,890","1,585",925,565,615,27835,8790,19055,69,"2,545","1,850",3035,"2,710","2,460","2,170","1,485",925,620,"1,270",440,350,485,15.8,"5,210","1,360",465,"3,355",480,13.8,16,18.9,14.8,6,9995,17845,"16,140","1,705",64,58,10,10015,17815,"8,200","9,605","17,840",560,"17,290","15,895","1,390"
Westminster-Branson,"22,645","1,200","21,440",95,"4,220","5,500",4010,"2,775","1,910","1,095",680,460,785,22635,7540,15105,67,"2,150","1,590",2690,"2,300","1,865","1,445",915,605,435,1110,315,275,535,24.4,"6,355","1,240",390,"3,630","1,490",20.3,24,22,19.4,20.4,8660,14055,"12,780","1,290",62,56,9,8590,14125,"6,190","7,930","14,055",525,"13,530","11,700","1,820"
Weston,"14,610",730,"13,880",95,2580,"3,260",2460,"1,950","1,485",875,490,340,445,14610,5020,9585,66,"1,275",950,1365,"1,295",1205,"1,000",740,545,360,830,240,225,355,29.6,"5,240","1,440",590,"3,155",640,25.1,31,34.8,24,21.6,5530,9075,"8,105",965,62,56,10.6,5565,9035,"4,305","4,740","9,070",350,"8,725","7,895",825
Weston-Pelham Park,"9,415",455,"8,960",95,1695,"2,115",1620,"1,125",840,615,440,240,280,9425,3080,6335,67,725,555,1015,895,700,640,485,395,310,595,220,125,255,20.4,2260,520,140,"1,480",275,18.5,20,15.4,19,14.4,3455,5965,"5,460",505,63,58,8.5,3515,5900,"2,890","3,005","5,965",175,"5,795","5,185",610
Wexford/Maryvale,"23,335","1,225","22,105",95,"4,005","4,680",4095,"2,990","2,380","1,580",995,600,750,23335,7820,15525,67,"2,090","1,360",2390,"2,035","1,740","1,615","1,200",945,680,"1,470",485,385,605,19.2,"5,285","1,460",500,"3,235",590,15.4,22,24.5,15.4,8.6,8995,14340,"13,055","1,285",62,56,9,8845,14500,"7,000","7,490","14,350",435,"13,905","12,515","1,390"
Willowdale East,"44,340","2,815","41,515",94,"11,190","6,840",4480,"3,840","3,590","3,000","2,400","1,910","4,285","44,330","16,400",27935,63,"3,550","2,230",3805,"2,665","2,285","2,285","1,940","1,720","1,520","5,930","1,335","1,185","3,415",30.3,"15,220","2,580",745,"11,270","1,365",26.7,31,23.2,27.8,14.6,17275,27075,"24,770","2,300",61,56,9,17005,27350,"13,970","13,375","27,060","1,080","25,990","21,825","4,155"
Willowdale West,"14,930",665,"14,265",96,3460,"2,625",1660,"1,390","1,160",945,825,655,1555,"14,930",5610,9325,63,"1,310",735,1235,900,760,750,590,535,440,2055,430,420,1210,27.1,4535,485,150,"3,070",985,23.6,18,14.1,24.8,22.9,6250,8610,"7,760",845,58,52,9.8,6100,8760,"4,695","4,070","8,615",360,"8,250","6,980","1,270"
Willowridge-Martingrove-Richview,"18,580",845,"17,755",96,2720,"3,200",2940,"2,355","1,990","1,435",950,780,"1,385","18,580",6580,11990,65,"1,710",985,1540,"1,235",1210,"1,130",950,730,560,1940,450,495,1000,15,"3,320","1,035",370,"1,740",555,11.2,17,19.9,10.8,6.5,7715,10870,"9,940",920,59,54,8.5,7450,11135,"5,705","5,440","10,865",320,"10,535","9,365","1,180"
Woburn,"43,420","2,745","40,655",94,"8,955","9,640",7245,"5,250","3,805","2,365","1,445",830,"1,090","43,405",16525,26870,62,"4,090","2,710",4380,"3,810","3,095","2,635","1,910","1,280",965,"1,995",685,480,820,27.2,"14,410","4,260","1,480","8,470","1,670",22,30,32,21.8,14.5,18215,25180,"22,505","2,665",58,52,11,18610,24800,"11,140","13,655","25,170","1,190","23,965","21,910","2,070"
Woodbine Corridor,"10,100",340,"9,760",97,1320,"1,715",1245,970,930,805,700,635,1430,"10,100",2545,7570,75,805,485,810,700,575,555,555,505,455,2135,420,445,1280,15.8,"1,965",375,105,"1,275",310,13.9,11,7.5,14.3,16.9,2835,7270,"6,715",560,72,66,7.7,2795,7315,"3,975","3,335","7,280",190,"7,085","6,105",975
Woodbine-Lumsden,6680,220,6470,97,885,"1,200",910,730,680,600,475,380,610,6690,1780,4905,73,495,325,615,405,395,465,415,360,345,1075,285,260,535,15.2,1190,205,60,735,240,13.5,10.6,8.2,13.4,17.4,2000,4695,"4,380",310,70,66,6.6,1925,4770,"2,720","2,050","4,690",85,"4,605","4,130",475
Wychwood,"11,340",340,"11,005",97,1670,"2,170",1750,"1,205","1,040",830,580,445,1315,"11,340",3185,8155,72,970,640,1090,945,680,710,585,480,445,1615,275,315,1030,16.7,2200,285,100,"1,405",510,15.6,11,10.3,16.7,15.9,3510,7875,"7,470",410,69,66,5.2,3345,8040,"4,000","4,045","7,875",125,"7,750","6,480","1,260"
Yonge-Eglinton,"10,000",410,9595,96,1325,"1,135",1060,"1,045",985,800,650,500,2095,"10,000",2315,7685,77,910,455,795,625,625,590,560,470,385,2270,320,285,1660,12,1420,200,75,"1,070",155,11.1,8,8.3,12.7,8.1,2680,7320,"6,815",505,73,68,6.9,2510,7485,"4,020","3,465","7,320",140,"7,180","6,025","1,150"
Yonge-St.Clair,"11,175",265,10905,98,1275,"1,185",1125,"1,170","1,140",990,740,610,2680,"11,165",2855,8320,75,965,535,780,685,695,685,560,540,425,2460,345,320,1790,12.9,1600,165,65,"1,240",185,12.1,10,9.2,14.7,5,3395,7710,"7,245",455,69,65,5.9,3130,7965,"4,370","3,600","7,705",115,"7,590","6,235","1,345"
York University Heights,"23,520","1,255","22,275",95,"5,135","5,000",4030,"3,085","2,215","1,235",725,375,455,23535,7735,15790,67,"2,240","1,790",2690,"2,180","2,005","1,605","1,165",720,475,920,350,240,330,24.4,"6,715","1,625",640,"4,535",560,22.5,25,28.4,23.9,10.3,8705,14815,"13,235","1,585",63,56,11,8915,14620,"6,645","7,980","14,815",685,"14,145","13,060","1,080"
Yorkdale-Glen Park,"12,060",600,"11,465",95,1875,"2,260",2165,"1,710","1,225",755,470,390,620,12060,4195,7860,65,950,635,1115,1040,925,840,605,435,310,1005,280,220,500,16.8,2350,655,170,"1,355",355,13.9,22,21.4,13.3,8.8,4825,7245,"6,670",580,60,55,8,4710,7355,"3,785","3,580","7,240",205,"7,035","6,315",715
