Neighbourhood,Without after-tax income,With after-tax income,"Under 10,000","10,000 to 19,999","20,000 to 29,999","30,000 to 39,999","40,000 to 49,999","50,000 to 59,999","60,000 to 69,999","70,000 to 79,999","80,000 and over","Prevalence of low income based on the Low-income measure, after tax (LIM-AT) (%)",0 to 17 years,18 to 64 years,65 years and over,"Prevalence of low income based on the Low-income cut-offs, after tax (LICO-AT) (%)",Not in the labour force,In the labour force,Participation rate,Employment rate,Unemployment rate,Class of worker - not applicable,Employee,Self-employed
Agincourt North,0.0546,0.9454,0.2210,0.2739,0.1669,0.1176,0.0848,0.0516,0.0315,0.0222,0.0305,21.3000,0.2272,0.5692,0.2036,17.5000,0.4453,0.5547,55.4000,50.0000,9.8000,0.0389,0.8659,0.0952
Agincourt South-Malvern West,0.0542,0.9458,0.2379,0.2405,0.1594,0.1176,0.0863,0.0596,0.0360,0.0259,0.0368,22.6000,0.2124,0.6588,0.1288,18.7000,0.4093,0.5907,59.0000,53.2000,9.8000,0.0390,0.8461,0.1149
Alderwood,0.0327,0.9673,0.1403,0.1574,0.1600,0.1333,0.1177,0.0936,0.0629,0.0513,0.0835,8.2000,0.1980,0.6396,0.1624,7.1000,0.3351,0.6649,66.5000,62.4000,6.1000,0.0190,0.8653,0.1157
Annex,0.0236,0.9764,0.1556,0.1476,0.1151,0.1009,0.0923,0.0752,0.0635,0.0473,0.2025,18.3000,0.0791,0.8036,0.1173,18.9000,0.2943,0.7057,70.6000,65.8000,6.7000,0.0197,0.7990,0.1814
Banbury-Don Mills,0.0427,0.9573,0.1483,0.1459,0.1217,0.1094,0.1054,0.0851,0.0692,0.0507,0.1642,13.7000,0.1951,0.6165,0.1883,11.2000,0.4007,0.5993,59.9000,55.6000,7.2000,0.0292,0.7882,0.1825
Bathurst Manor,0.0441,0.9559,0.1703,0.2026,0.1600,0.1218,0.0946,0.0706,0.0532,0.0371,0.0899,17.0000,0.2057,0.5717,0.2226,14.2000,0.3499,0.6501,65.0000,60.3000,7.2000,0.0278,0.8283,0.1439
Bay Street Corridor,0.0436,0.9564,0.3095,0.1307,0.0952,0.0858,0.0755,0.0683,0.0674,0.0491,0.1185,37.7000,0.0812,0.8769,0.0419,36.1000,0.3737,0.6263,62.7000,56.2000,10.2000,0.0430,0.8353,0.1217
Bayview Village,0.0521,0.9479,0.2190,0.1579,0.1213,0.1016,0.0957,0.0788,0.0625,0.0484,0.1146,23.7000,0.1753,0.7281,0.0966,20.4000,0.3655,0.6345,63.4000,58.5000,7.7000,0.0345,0.8157,0.1498
Bayview Woods-Steeles,0.0511,0.9489,0.2096,0.1878,0.1348,0.1026,0.0866,0.0691,0.0549,0.0430,0.1116,18.4000,0.2291,0.6317,0.1392,15.4000,0.4432,0.5568,55.7000,51.3000,8.0000,0.0371,0.7784,0.1845
Bedford Park-Nortown,0.0471,0.9529,0.1403,0.1210,0.1160,0.0925,0.0764,0.0636,0.0529,0.0458,0.2916,9.4000,0.2281,0.6037,0.1682,8.3000,0.3620,0.6380,63.8000,60.3000,5.5000,0.0127,0.7609,0.2264
Beechborough-Greenbrook,0.0590,0.9410,0.1721,0.2439,0.1943,0.1498,0.1032,0.0557,0.0364,0.0192,0.0253,28.0000,0.3118,0.5927,0.0955,21.9000,0.4059,0.5941,59.5000,52.7000,11.4000,0.0400,0.8736,0.0864
Bendale,0.0579,0.9421,0.2233,0.2080,0.1610,0.1360,0.1001,0.0680,0.0416,0.0274,0.0345,23.4000,0.2533,0.6307,0.1160,19.4000,0.4200,0.5800,58.0000,52.9000,8.8000,0.0406,0.8743,0.0851
Birchcliffe-Cliffside,0.0425,0.9575,0.1589,0.1675,0.1422,0.1146,0.1046,0.0862,0.0594,0.0509,0.1157,14.5000,0.2092,0.6688,0.1220,12.9000,0.3462,0.6538,65.4000,59.6000,8.8000,0.0321,0.8454,0.1225
Black Creek,0.0672,0.9328,0.2197,0.2784,0.1937,0.1501,0.0847,0.0386,0.0183,0.0095,0.0070,33.0000,0.3610,0.5341,0.1049,25.9000,0.4515,0.5485,54.8000,47.8000,12.7000,0.0597,0.8677,0.0726
Blake-Jones,0.0485,0.9515,0.1757,0.2243,0.1255,0.0962,0.0778,0.0720,0.0569,0.0435,0.1280,24.5000,0.2500,0.6011,0.1489,21.1000,0.3503,0.6497,65.0000,59.6000,8.5000,0.0306,0.8225,0.1469
Briar Hill-Belgravia,0.0469,0.9531,0.1678,0.2141,0.1971,0.1474,0.1045,0.0633,0.0416,0.0259,0.0382,17.0000,0.1909,0.6577,0.1515,14.8000,0.3242,0.6758,67.6000,61.8000,8.7000,0.0311,0.8695,0.0993
Bridle Path-Sunnybrook-York Mills,0.0574,0.9426,0.1750,0.0902,0.0779,0.0567,0.0581,0.0567,0.0540,0.0513,0.3800,8.8000,0.2795,0.6460,0.0745,8.4000,0.4170,0.5830,58.3000,53.6000,8.0000,0.0221,0.6667,0.3112
Broadview North,0.0339,0.9661,0.1499,0.2060,0.1693,0.1305,0.1090,0.0687,0.0503,0.0377,0.0786,22.6000,0.1855,0.6641,0.1504,18.5000,0.3342,0.6658,67.0000,61.0000,8.2000,0.0296,0.8450,0.1254
Brookhaven-Amesbury,0.0600,0.9400,0.1888,0.2289,0.1984,0.1487,0.1024,0.0571,0.0326,0.0208,0.0223,24.7000,0.3307,0.5892,0.0801,19.3000,0.3653,0.6347,64.0000,57.0000,10.0000,0.0385,0.8819,0.0797
Cabbagetown-South St. James Town,0.0216,0.9784,0.1273,0.1909,0.1258,0.1087,0.0997,0.0817,0.0606,0.0511,0.1543,20.8000,0.0833,0.6754,0.2412,20.2000,0.2868,0.7132,71.0000,66.0000,8.0000,0.0206,0.8349,0.1444
Caledonia-Fairbank,0.0469,0.9531,0.1731,0.1949,0.1912,0.1501,0.1096,0.0778,0.0498,0.0243,0.0293,14.2000,0.2305,0.6383,0.1312,12.1000,0.3412,0.6588,66.0000,61.0000,7.2000,0.0261,0.8793,0.0946
Casa Loma,0.0276,0.9724,0.1298,0.1159,0.1078,0.0960,0.0864,0.0773,0.0622,0.0531,0.2715,12.5000,0.1333,0.7000,0.1667,11.7000,0.3280,0.6720,67.0000,63.0000,6.6000,0.0162,0.7697,0.2141
Centennial Scarborough,0.0505,0.9495,0.1586,0.1431,0.1186,0.1054,0.1096,0.0922,0.0772,0.0631,0.1322,6.2000,0.3030,0.6000,0.0970,5.3000,0.3582,0.6418,64.0000,59.0000,7.6000,0.0314,0.8662,0.1024
Church-Yonge Corridor,0.0242,0.9758,0.1746,0.1596,0.1147,0.1106,0.1073,0.0914,0.0726,0.0528,0.1164,26.0000,0.0584,0.8648,0.0768,25.8000,0.2488,0.7512,75.0000,69.0000,9.0000,0.0286,0.8646,0.1068
Clairlea-Birchmount,0.0584,0.9416,0.1880,0.2034,0.1663,0.1314,0.1089,0.0755,0.0493,0.0354,0.0418,19.5000,0.3126,0.6144,0.0730,16.2000,0.3471,0.6529,65.0000,60.0000,9.0000,0.0356,0.8796,0.0848
Clanton Park,0.0458,0.9542,0.1530,0.1825,0.1633,0.1346,0.0886,0.0732,0.0521,0.0414,0.1112,14.9000,0.1976,0.6008,0.2016,12.8000,0.3208,0.6792,68.0000,64.0000,6.1000,0.0216,0.8295,0.1489
Cliffcrest,0.0544,0.9456,0.1741,0.1960,0.1525,0.1146,0.1010,0.0774,0.0527,0.0435,0.0882,17.9000,0.2761,0.5469,0.1770,14.3000,0.3809,0.6191,62.0000,56.0000,9.7000,0.0384,0.8391,0.1225
Corso Italia-Davenport,0.0415,0.9585,0.1621,0.1925,0.1810,0.1269,0.1012,0.0802,0.0579,0.0343,0.0639,13.4000,0.1698,0.6923,0.1379,13.2000,0.3189,0.6811,68.0000,63.0000,7.2000,0.0247,0.8657,0.1096
Danforth,0.0327,0.9673,0.1475,0.2021,0.1410,0.0936,0.0832,0.0682,0.0643,0.0565,0.1436,14.2000,0.1328,0.5609,0.3063,13.5000,0.3155,0.6845,69.0000,64.0000,6.2000,0.0183,0.8532,0.1284
Danforth-East York,0.0352,0.9648,0.1382,0.1809,0.1382,0.1061,0.1024,0.0814,0.0663,0.0619,0.1245,13.6000,0.2103,0.5837,0.2060,11.2000,0.3300,0.6700,67.0000,62.0000,6.9000,0.0175,0.8496,0.1328
Don Valley Village,0.0543,0.9457,0.2305,0.2001,0.1493,0.1184,0.0942,0.0641,0.0481,0.0339,0.0615,23.5000,0.2365,0.6579,0.1056,19.7000,0.3903,0.6097,61.0000,55.0000,10.0000,0.0414,0.8328,0.1258
Dorset Park,0.0581,0.9419,0.1966,0.2269,0.1852,0.1509,0.1026,0.0573,0.0354,0.0208,0.0243,22.3000,0.2969,0.5938,0.1094,17.0000,0.3680,0.6320,63.0000,57.0000,10.0000,0.0409,0.8794,0.0798
Dovercourt-Wallace Emerson,0.0333,0.9667,0.1579,0.2175,0.1740,0.1265,0.0993,0.0742,0.0521,0.0387,0.0598,17.1000,0.1612,0.7051,0.1338,17.0000,0.2967,0.7033,70.0000,65.0000,7.0000,0.0213,0.8540,0.1247
Downsview-Roding-CFB,0.0512,0.9488,0.1658,0.2187,0.2050,0.1532,0.1066,0.0626,0.0383,0.0220,0.0278,19.4000,0.2884,0.6042,0.1075,15.9000,0.3832,0.6168,62.0000,57.0000,8.0000,0.0269,0.8925,0.0807
Dufferin Grove,0.0288,0.9712,0.1521,0.2079,0.1679,0.1407,0.1017,0.0770,0.0573,0.0311,0.0642,18.0000,0.1432,0.7184,0.1384,18.1000,0.2753,0.7247,72.0000,67.0000,7.5000,0.0159,0.8439,0.1402
East End-Danforth,0.0439,0.9561,0.1632,0.1805,0.1293,0.1015,0.0915,0.0784,0.0627,0.0594,0.1336,18.8000,0.2000,0.6481,0.1519,16.6000,0.2990,0.7010,70.0000,64.0000,8.2000,0.0314,0.8288,0.1399
Edenbridge-Humber Valley,0.0383,0.9617,0.1443,0.1431,0.1359,0.1184,0.1045,0.0783,0.0529,0.0465,0.1761,10.5000,0.2075,0.6321,0.1604,8.2000,0.3558,0.6442,64.0000,61.0000,6.1000,0.0172,0.8049,0.1779
Eglinton East,0.0620,0.9380,0.1976,0.2354,0.1947,0.1513,0.1009,0.0555,0.0298,0.0153,0.0195,26.0000,0.3403,0.5766,0.0831,20.4000,0.4086,0.5914,59.0000,53.0000,11.0000,0.0533,0.8821,0.0645
Elms-Old Rexdale,0.0622,0.9378,0.2054,0.2166,0.1852,0.1435,0.1017,0.0620,0.0376,0.0223,0.0258,23.2000,0.3645,0.5535,0.0820,17.9000,0.3933,0.6067,61.0000,55.0000,10.0000,0.0442,0.8825,0.0733
Englemount-Lawrence,0.0591,0.9409,0.1703,0.2039,0.1809,0.1271,0.0960,0.0581,0.0420,0.0289,0.0929,21.3000,0.2987,0.5236,0.1777,17.8000,0.3704,0.6296,63.0000,57.0000,8.9000,0.0339,0.8252,0.1409
Eringate-Centennial-West Deane,0.0428,0.9572,0.1515,0.1623,0.1436,0.1245,0.1157,0.0953,0.0674,0.0523,0.0874,9.7000,0.2758,0.5794,0.1448,7.5000,0.3645,0.6355,64.0000,59.0000,7.4000,0.0252,0.8564,0.1183
Etobicoke West Mall,0.0496,0.9504,0.1734,0.1917,0.1707,0.1395,0.1125,0.0824,0.0528,0.0350,0.0420,18.3000,0.2833,0.6143,0.1024,14.7000,0.3432,0.6568,66.0000,61.0000,7.9000,0.0311,0.8677,0.1012
Flemingdon Park,0.0761,0.9239,0.2266,0.2596,0.1883,0.1267,0.0814,0.0490,0.0287,0.0163,0.0234,34.7000,0.3388,0.5546,0.1066,27.2000,0.4348,0.5652,57.0000,51.0000,11.0000,0.0509,0.8453,0.1038
Forest Hill North,0.0386,0.9614,0.1519,0.1578,0.1450,0.1098,0.0911,0.0710,0.0524,0.0402,0.1808,15.5000,0.1990,0.6454,0.1556,13.3000,0.2909,0.7091,71.0000,66.0000,7.4000,0.0219,0.7835,0.1946
Forest Hill South,0.0275,0.9725,0.1255,0.1049,0.1077,0.0977,0.0866,0.0755,0.0611,0.0466,0.2943,10.7000,0.1674,0.6564,0.1762,9.8000,0.3421,0.6579,66.0000,62.0000,5.6000,0.0131,0.7353,0.2516
Glenfield-Jane Heights,0.0622,0.9378,0.1948,0.2622,0.2090,0.1491,0.0934,0.0467,0.0234,0.0114,0.0100,25.7000,0.3704,0.5145,0.1151,20.9000,0.4497,0.5503,55.0000,49.0000,12.0000,0.0520,0.8789,0.0691
Greenwood-Coxwell,0.0373,0.9627,0.1633,0.2038,0.1381,0.1058,0.0884,0.0784,0.0627,0.0544,0.1050,19.7000,0.2063,0.6420,0.1517,17.6000,0.3080,0.6920,69.0000,64.0000,7.2000,0.0261,0.8454,0.1286
Guildwood,0.0401,0.9599,0.1353,0.1446,0.1353,0.1228,0.1203,0.0879,0.0748,0.0630,0.1160,7.7000,0.2055,0.6164,0.1781,6.7000,0.4053,0.5947,60.0000,55.0000,7.9000,0.0271,0.8495,0.1234
Henry Farm,0.0666,0.9334,0.2599,0.1865,0.1395,0.1127,0.0945,0.0693,0.0531,0.0324,0.0519,29.6000,0.2196,0.7147,0.0657,25.4000,0.3484,0.6516,65.0000,59.0000,10.3000,0.0371,0.8752,0.0876
High Park North,0.0369,0.9631,0.1465,0.1525,0.1255,0.1181,0.1042,0.0875,0.0697,0.0547,0.1413,16.5000,0.1326,0.7141,0.1533,15.1000,0.2774,0.7226,72.0000,67.0000,7.1000,0.0197,0.8451,0.1353
High Park-Swansea,0.0321,0.9679,0.1288,0.1270,0.1228,0.1095,0.1061,0.0884,0.0741,0.0568,0.1864,11.1000,0.1885,0.6635,0.1481,10.4000,0.2670,0.7330,73.0000,69.0000,6.0000,0.0151,0.8207,0.1641
Highland Creek,0.0462,0.9538,0.1894,0.1932,0.1457,0.1218,0.1093,0.0757,0.0508,0.0436,0.0705,10.5000,0.2386,0.6818,0.0795,9.9000,0.3908,0.6092,61.0000,56.0000,8.5000,0.0300,0.8619,0.1081
Hillcrest Village,0.0510,0.9490,0.2185,0.2185,0.1324,0.1007,0.0883,0.0708,0.0491,0.0399,0.0819,21.9000,0.1927,0.5310,0.2763,19.1000,0.4642,0.5358,54.0000,49.0000,8.3000,0.0391,0.8068,0.1540
Humber Heights-Westmount,0.0398,0.9602,0.1486,0.1817,0.1643,0.1258,0.1173,0.0806,0.0584,0.0397,0.0836,14.6000,0.2804,0.5574,0.1622,10.8000,0.4090,0.5910,59.0000,55.0000,7.4000,0.0293,0.8341,0.1366
Humber Summit,0.0595,0.9405,0.1912,0.2461,0.2021,0.1435,0.0938,0.0560,0.0301,0.0166,0.0207,19.7000,0.3395,0.5542,0.1063,16.0000,0.4391,0.5609,56.0000,51.0000,9.6000,0.0417,0.8663,0.0920
Humbermede,0.0620,0.9380,0.2041,0.2345,0.2003,0.1469,0.1033,0.0521,0.0279,0.0161,0.0148,22.7000,0.3362,0.5674,0.0965,18.4000,0.3932,0.6068,61.0000,55.0000,10.2000,0.0406,0.8848,0.0746
Humewood-Cedarvale,0.0327,0.9673,0.1417,0.1721,0.1580,0.1203,0.0946,0.0672,0.0514,0.0407,0.1541,15.7000,0.1384,0.7098,0.1518,14.5000,0.2632,0.7368,74.0000,69.0000,7.1000,0.0191,0.8219,0.1590
Ionview,0.0633,0.9367,0.1887,0.2297,0.1901,0.1547,0.1057,0.0608,0.0344,0.0184,0.0175,23.3000,0.2830,0.6038,0.1132,18.6000,0.3881,0.6119,61.0000,56.0000,8.8000,0.0340,0.9009,0.0651
Islington-City Centre West,0.0370,0.9630,0.1508,0.1671,0.1342,0.1257,0.1133,0.0904,0.0643,0.0496,0.1046,15.8000,0.2216,0.6222,0.1563,13.0000,0.3136,0.6864,69.0000,64.0000,7.0000,0.0265,0.8588,0.1147
Junction Area,0.0375,0.9625,0.1543,0.1708,0.1427,0.1163,0.1128,0.0860,0.0657,0.0545,0.0968,13.5000,0.1627,0.7297,0.1076,13.2000,0.2592,0.7408,74.0000,70.0000,5.6000,0.0203,0.8452,0.1345
Keelesdale-Eglinton West,0.0589,0.9411,0.1728,0.2313,0.2003,0.1351,0.0996,0.0687,0.0405,0.0264,0.0253,18.3000,0.2264,0.5672,0.2065,14.9000,0.4011,0.5989,60.0000,55.0000,8.6000,0.0328,0.8732,0.0940
Kennedy Park,0.0583,0.9417,0.1913,0.2520,0.1846,0.1368,0.1042,0.0556,0.0348,0.0211,0.0196,26.3000,0.2783,0.5865,0.1353,22.1000,0.4057,0.5943,59.0000,54.0000,9.1000,0.0435,0.8766,0.0799
Kensington-Chinatown,0.0266,0.9734,0.2373,0.2611,0.1422,0.0989,0.0773,0.0518,0.0385,0.0299,0.0630,33.2000,0.0974,0.7060,0.1966,34.9000,0.3743,0.6257,63.0000,58.0000,8.2000,0.0292,0.8468,0.1241
Kingsview Village-The Westway,0.0569,0.9431,0.1958,0.2155,0.1719,0.1325,0.1027,0.0692,0.0403,0.0286,0.0436,24.9000,0.3702,0.5576,0.0722,19.7000,0.4214,0.5786,58.0000,52.0000,10.0000,0.0419,0.8494,0.1087
Kingsway South,0.0363,0.9637,0.1293,0.0917,0.0869,0.0828,0.0793,0.0759,0.0650,0.0616,0.3276,4.5000,0.1905,0.6667,0.1429,4.1000,0.3693,0.6307,63.0000,59.0000,7.5000,0.0209,0.7941,0.1850
Lambton Baby Point,0.0518,0.9482,0.1591,0.1566,0.1178,0.0976,0.0867,0.0673,0.0581,0.0530,0.2037,18.5000,0.3153,0.5627,0.1220,15.1000,0.3312,0.6688,67.0000,62.0000,7.6000,0.0285,0.8145,0.1570
L'Amoreaux,0.0543,0.9457,0.2184,0.2528,0.1726,0.1190,0.0888,0.0547,0.0340,0.0240,0.0356,23.5000,0.2439,0.5831,0.1730,19.5000,0.4343,0.5657,57.0000,50.0000,11.0000,0.0506,0.8472,0.1022
Lansing-Westgate,0.0454,0.9546,0.1909,0.1517,0.1179,0.0998,0.0899,0.0718,0.0595,0.0507,0.1678,17.6000,0.1431,0.7580,0.0989,15.5000,0.3261,0.6739,67.0000,63.0000,7.2000,0.0196,0.8010,0.1794
Lawrence Park North,0.0474,0.9526,0.1384,0.1086,0.0825,0.0732,0.0690,0.0690,0.0634,0.0634,0.3327,6.7000,0.1827,0.6193,0.1980,6.1000,0.2957,0.7043,70.0000,66.0000,6.4000,0.0145,0.8024,0.1831
Lawrence Park South,0.0448,0.9552,0.1466,0.1047,0.0834,0.0761,0.0705,0.0620,0.0586,0.0492,0.3489,7.3000,0.1883,0.7040,0.1076,6.8000,0.3177,0.6823,68.0000,63.0000,7.5000,0.0245,0.7630,0.2124
Leaside-Bennington,0.0475,0.9525,0.1469,0.1060,0.0907,0.0793,0.0817,0.0683,0.0621,0.0570,0.3079,6.9000,0.2087,0.6609,0.1304,5.9000,0.3155,0.6845,69.0000,64.0000,6.9000,0.0164,0.7893,0.1943
Little Portugal,0.0223,0.9777,0.1363,0.1816,0.1633,0.1345,0.1157,0.0846,0.0637,0.0427,0.0775,15.6000,0.1340,0.7809,0.0851,16.7000,0.2201,0.7799,78.0000,73.0000,6.4000,0.0122,0.8549,0.1329
Long Branch,0.0338,0.9662,0.1468,0.1818,0.1586,0.1283,0.1147,0.0766,0.0576,0.0469,0.0885,17.6000,0.1667,0.7034,0.1299,15.1000,0.2940,0.7060,71.0000,66.0000,7.1000,0.0284,0.8482,0.1234
Malvern,0.0651,0.9349,0.2156,0.2384,0.1771,0.1423,0.1055,0.0589,0.0297,0.0173,0.0152,20.4000,0.3253,0.5590,0.1157,15.4000,0.3794,0.6206,62.0000,56.0000,11.0000,0.0456,0.8862,0.0683
Maple Leaf,0.0513,0.9487,0.1611,0.2008,0.2096,0.1561,0.1057,0.0573,0.0409,0.0264,0.0422,15.2000,0.2733,0.6033,0.1233,11.8000,0.3849,0.6151,61.0000,57.0000,8.1000,0.0282,0.8796,0.0922
Markland Woods,0.0362,0.9638,0.1380,0.1465,0.1345,0.1192,0.1106,0.0901,0.0684,0.0536,0.1391,8.3000,0.2069,0.6034,0.1897,6.4000,0.4023,0.5977,60.0000,56.0000,6.2000,0.0192,0.8515,0.1292
Milliken,0.0529,0.9471,0.2330,0.2907,0.1679,0.1092,0.0762,0.0476,0.0297,0.0184,0.0274,22.1000,0.2339,0.5939,0.1722,21.2000,0.4551,0.5449,55.0000,49.0000,10.0000,0.0435,0.8625,0.0940
Mimico,0.0290,0.9710,0.1378,0.1651,0.1321,0.1195,0.1092,0.0898,0.0743,0.0549,0.1173,18.2000,0.1414,0.6799,0.1787,15.6000,0.2910,0.7090,71.0000,67.0000,6.0000,0.0203,0.8500,0.1297
Morningside,0.0578,0.9422,0.2126,0.2193,0.1740,0.1361,0.1026,0.0636,0.0361,0.0242,0.0316,23.8000,0.3060,0.6095,0.0845,19.1000,0.3861,0.6139,61.0000,54.0000,11.4000,0.0543,0.8771,0.0686
Moss Park,0.0249,0.9751,0.1645,0.2073,0.1166,0.0928,0.0874,0.0753,0.0681,0.0569,0.1311,31.9000,0.1408,0.7481,0.1111,29.7000,0.2761,0.7239,72.0000,68.0000,6.9000,0.0256,0.8438,0.1306
Mount Dennis,0.0561,0.9439,0.1884,0.2356,0.1855,0.1543,0.1100,0.0613,0.0302,0.0175,0.0170,25.3000,0.3145,0.6024,0.0831,21.2000,0.3651,0.6349,64.0000,57.0000,10.8000,0.0441,0.8669,0.0890
Mount Olive-Silverstone-Jamestown,0.0734,0.9266,0.2309,0.2541,0.1953,0.1437,0.0880,0.0438,0.0220,0.0119,0.0103,27.9000,0.3678,0.5568,0.0754,21.8000,0.4264,0.5736,57.0000,50.0000,12.0000,0.0555,0.8734,0.0711
Mount Pleasant East,0.0421,0.9579,0.1331,0.1198,0.1077,0.0948,0.0872,0.0758,0.0614,0.0614,0.2589,10.3000,0.1470,0.6225,0.2305,9.2000,0.2944,0.7056,71.0000,66.0000,6.9000,0.0180,0.8080,0.1740
Mount Pleasant West,0.0364,0.9636,0.1448,0.1461,0.1211,0.1196,0.1217,0.0922,0.0770,0.0561,0.1215,20.8000,0.1161,0.7222,0.1617,18.6000,0.2549,0.7451,75.0000,70.0000,7.0000,0.0240,0.8640,0.1120
New Toronto,0.0387,0.9613,0.1674,0.2200,0.1545,0.1191,0.1041,0.0703,0.0488,0.0424,0.0735,24.8000,0.1789,0.6422,0.1789,21.6000,0.3326,0.6674,67.0000,61.0000,8.7000,0.0279,0.8612,0.1109
Newtonbrook East,0.0527,0.9473,0.2560,0.2101,0.1291,0.0954,0.0788,0.0629,0.0500,0.0333,0.0844,27.4000,0.1479,0.6901,0.1620,24.9000,0.4208,0.5792,58.0000,53.0000,8.8000,0.0353,0.7854,0.1793
Newtonbrook West,0.0555,0.9445,0.2339,0.2318,0.1726,0.1162,0.0826,0.0508,0.0348,0.0264,0.0508,26.3000,0.1665,0.6798,0.1537,23.2000,0.4029,0.5971,60.0000,55.0000,8.0000,0.0329,0.8236,0.1434
Niagara,0.0162,0.9838,0.1016,0.1145,0.0979,0.1050,0.1263,0.1192,0.0989,0.0755,0.1610,13.7000,0.1169,0.8186,0.0644,13.3000,0.1337,0.8663,87.0000,83.0000,5.0000,0.0106,0.8758,0.1136
North Riverdale,0.0303,0.9697,0.1460,0.1502,0.1152,0.0945,0.0860,0.0738,0.0589,0.0579,0.2176,10.9000,0.1445,0.7031,0.1523,10.4000,0.2645,0.7355,74.0000,70.0000,5.3000,0.0175,0.7926,0.1899
North St. James Town,0.0457,0.9543,0.2001,0.2553,0.1737,0.1319,0.0940,0.0493,0.0379,0.0222,0.0356,36.5000,0.1915,0.7135,0.0950,33.1000,0.3251,0.6749,68.0000,60.0000,10.0000,0.0438,0.8681,0.0881
Oakridge,0.0679,0.9321,0.2320,0.2894,0.1826,0.1163,0.0724,0.0454,0.0304,0.0150,0.0165,42.6000,0.3210,0.5962,0.0828,35.0000,0.4282,0.5718,57.0000,49.0000,14.6000,0.0698,0.8320,0.0982
Oakwood Village,0.0412,0.9588,0.1600,0.2229,0.1799,0.1311,0.0977,0.0638,0.0474,0.0336,0.0635,18.6000,0.1992,0.5926,0.2082,16.3000,0.3430,0.6570,66.0000,61.0000,6.8000,0.0184,0.8506,0.1310
O'Connor-Parkview,0.0558,0.9442,0.1792,0.1960,0.1668,0.1235,0.0977,0.0695,0.0478,0.0416,0.0781,22.5000,0.2921,0.6202,0.0877,19.9000,0.3779,0.6221,62.0000,56.0000,10.1000,0.0376,0.8522,0.1102
Old East York,0.0394,0.9606,0.1465,0.1714,0.1465,0.1109,0.1022,0.0820,0.0618,0.0538,0.1250,13.5000,0.2137,0.6250,0.1613,11.5000,0.3391,0.6609,66.0000,63.0000,5.0000,0.0196,0.8364,0.1440
Palmerston-Little Italy,0.0208,0.9792,0.1403,0.1890,0.1616,0.1219,0.1051,0.0753,0.0589,0.0397,0.1084,13.8000,0.0864,0.7435,0.1702,17.7000,0.2577,0.7423,74.0000,69.0000,6.8000,0.0189,0.8280,0.1531
Parkwoods-Donalda,0.0613,0.9387,0.1877,0.1897,0.1578,0.1267,0.1031,0.0752,0.0514,0.0363,0.0721,20.6000,0.2947,0.5999,0.1054,16.6000,0.3685,0.6315,63.0000,57.0000,9.0000,0.0403,0.8485,0.1112
Pelmo Park-Humberlea,0.0508,0.9492,0.1570,0.1822,0.1717,0.1423,0.1176,0.0841,0.0594,0.0412,0.0447,11.4000,0.2705,0.6107,0.1189,9.3000,0.3456,0.6544,65.0000,62.0000,6.0000,0.0221,0.8895,0.0884
Playter Estates-Danforth,0.0301,0.9699,0.1326,0.1708,0.1279,0.1025,0.0898,0.0786,0.0516,0.0556,0.1906,13.6000,0.0913,0.6827,0.2260,12.7000,0.2794,0.7206,72.0000,68.0000,6.4000,0.0150,0.8077,0.1774
Pleasant View,0.0523,0.9477,0.2154,0.2061,0.1628,0.1167,0.1025,0.0614,0.0480,0.0338,0.0534,17.5000,0.2202,0.6408,0.1390,15.9000,0.4097,0.5903,59.0000,53.0000,10.0000,0.0431,0.8498,0.1071
Princess-Rosethorn,0.0469,0.9531,0.1516,0.1205,0.1024,0.0843,0.0854,0.0837,0.0650,0.0594,0.2477,7.2000,0.2642,0.6164,0.1195,6.0000,0.3662,0.6338,63.0000,60.0000,6.0000,0.0136,0.8019,0.1845
Regent Park,0.0520,0.9480,0.2271,0.2662,0.1543,0.1031,0.0740,0.0577,0.0402,0.0274,0.0501,42.3000,0.2600,0.6538,0.0863,35.3000,0.3735,0.6265,63.0000,57.0000,9.6000,0.0371,0.8482,0.1147
Rexdale-Kipling,0.0522,0.9478,0.1768,0.2173,0.1804,0.1356,0.1126,0.0702,0.0454,0.0303,0.0315,18.6000,0.2876,0.6036,0.1088,15.8000,0.3716,0.6284,63.0000,56.0000,10.9000,0.0383,0.8778,0.0839
Rockcliffe-Smythe,0.0504,0.9496,0.1758,0.2289,0.1825,0.1413,0.1064,0.0694,0.0432,0.0258,0.0267,22.8000,0.2673,0.5710,0.1617,18.5000,0.4015,0.5985,60.0000,54.0000,9.0000,0.0370,0.8658,0.0972
Roncesvalles,0.0354,0.9646,0.1483,0.2081,0.1430,0.1088,0.0923,0.0688,0.0581,0.0486,0.1240,19.9000,0.1636,0.6476,0.1889,19.3000,0.2824,0.7176,72.0000,67.0000,6.7000,0.0205,0.8093,0.1702
Rosedale-Moore Park,0.0367,0.9633,0.1345,0.0976,0.0906,0.0800,0.0849,0.0733,0.0667,0.0531,0.3193,10.2000,0.1388,0.7105,0.1507,9.7000,0.3606,0.6394,64.0000,60.0000,6.0000,0.0182,0.7458,0.2360
Rouge,0.0565,0.9435,0.1866,0.1978,0.1488,0.1311,0.1133,0.0760,0.0507,0.0365,0.0593,9.5000,0.3273,0.5716,0.1011,7.8000,0.3537,0.6463,65.0000,59.0000,8.0000,0.0355,0.8894,0.0751
Runnymede-Bloor West Village,0.0399,0.9601,0.1350,0.1213,0.1090,0.0960,0.0915,0.0837,0.0707,0.0688,0.2239,6.9000,0.1898,0.6569,0.1533,5.8000,0.2741,0.7259,73.0000,69.0000,5.1000,0.0180,0.8351,0.1469
Rustic,0.0614,0.9386,0.1770,0.2560,0.2056,0.1355,0.0960,0.0504,0.0293,0.0218,0.0286,31.7000,0.3694,0.5032,0.1274,24.2000,0.4757,0.5243,52.0000,48.0000,9.1000,0.0342,0.8816,0.0842
Scarborough Village,0.0665,0.9335,0.2179,0.2494,0.1732,0.1237,0.0946,0.0541,0.0340,0.0172,0.0360,32.4000,0.3561,0.5689,0.0750,25.7000,0.4233,0.5767,58.0000,50.0000,13.0000,0.0610,0.8448,0.0942
South Parkdale,0.0315,0.9685,0.1656,0.2506,0.1848,0.1426,0.0968,0.0616,0.0361,0.0239,0.0380,30.5000,0.1435,0.7272,0.1293,27.1000,0.2934,0.7066,71.0000,65.0000,9.0000,0.0308,0.8751,0.0940
South Riverdale,0.0320,0.9680,0.1563,0.1946,0.1237,0.0986,0.0865,0.0740,0.0642,0.0566,0.1454,18.7000,0.1800,0.6558,0.1642,17.6000,0.2853,0.7147,71.0000,67.0000,7.0000,0.0215,0.8244,0.1541
St.Andrew-Windfields,0.0545,0.9455,0.1906,0.1407,0.1055,0.0858,0.0841,0.0693,0.0535,0.0461,0.2244,15.9000,0.2553,0.6560,0.0887,13.4000,0.3850,0.6150,62.0000,56.0000,8.3000,0.0324,0.7328,0.2347
Steeles,0.0495,0.9505,0.2311,0.2682,0.1588,0.1092,0.0775,0.0551,0.0344,0.0262,0.0396,21.0000,0.2041,0.5635,0.2324,19.9000,0.4775,0.5225,52.0000,47.0000,10.0000,0.0443,0.8403,0.1154
Stonegate-Queensway,0.0353,0.9647,0.1421,0.1473,0.1324,0.1157,0.0998,0.0811,0.0592,0.0530,0.1692,11.6000,0.2117,0.6420,0.1463,9.5000,0.3257,0.6743,68.0000,63.0000,6.7000,0.0210,0.8238,0.1552
Tam O'Shanter-Sullivan,0.0523,0.9477,0.2025,0.2404,0.1707,0.1246,0.0906,0.0609,0.0395,0.0274,0.0434,23.8000,0.2350,0.5588,0.2062,19.1000,0.4420,0.5580,56.0000,51.0000,9.0000,0.0402,0.8599,0.0998
Taylor-Massey,0.0626,0.9374,0.2174,0.2416,0.1846,0.1263,0.0936,0.0561,0.0362,0.0204,0.0238,32.9000,0.2915,0.6359,0.0726,27.3000,0.3667,0.6333,63.0000,56.0000,11.5000,0.0497,0.8729,0.0774
The Beaches,0.0389,0.9611,0.1366,0.1186,0.1033,0.0903,0.0876,0.0794,0.0702,0.0596,0.2544,9.4000,0.1579,0.7043,0.1378,8.2000,0.2791,0.7209,72.0000,68.0000,5.7000,0.0138,0.7880,0.1983
Thistletown-Beaumond Heights,0.0542,0.9458,0.1965,0.2223,0.1864,0.1448,0.0963,0.0617,0.0359,0.0246,0.0315,17.8000,0.3158,0.5789,0.1053,14.7000,0.3973,0.6027,60.0000,54.0000,10.4000,0.0405,0.8598,0.0997
Thorncliffe Park,0.0889,0.9111,0.2328,0.2717,0.1850,0.1058,0.0774,0.0464,0.0331,0.0212,0.0266,45.5000,0.4035,0.5264,0.0701,36.0000,0.4433,0.5567,56.0000,49.0000,13.0000,0.0625,0.8226,0.1149
Trinity-Bellwoods,0.0221,0.9779,0.1582,0.2081,0.1628,0.1091,0.0975,0.0685,0.0498,0.0381,0.1077,14.7000,0.1139,0.7637,0.1224,17.6000,0.3063,0.6937,69.0000,65.0000,6.1000,0.0134,0.8279,0.1587
University,0.0251,0.9749,0.2047,0.1889,0.1431,0.1057,0.0807,0.0641,0.0507,0.0366,0.1256,22.4000,0.0633,0.8367,0.1000,26.4000,0.2855,0.7145,72.0000,66.0000,8.3000,0.0340,0.8073,0.1587
Victoria Village,0.0529,0.9471,0.1872,0.2260,0.1683,0.1335,0.1048,0.0649,0.0406,0.0287,0.0461,25.9000,0.2514,0.5743,0.1743,20.1000,0.4080,0.5920,59.0000,53.0000,10.1000,0.0447,0.8635,0.0918
Waterfront Communities-The Island,0.0222,0.9778,0.1292,0.1111,0.0940,0.1010,0.1135,0.1083,0.0932,0.0723,0.1773,16.5000,0.0944,0.8214,0.0842,16.0000,0.1756,0.8244,82.0000,78.0000,5.0000,0.0146,0.8774,0.1080
West Hill,0.0598,0.9402,0.1981,0.2343,0.1701,0.1335,0.1050,0.0646,0.0375,0.0252,0.0316,25.2000,0.3068,0.5855,0.1077,20.8000,0.4152,0.5848,59.0000,52.0000,12.0000,0.0531,0.8550,0.0920
West Humber-Clairville,0.0569,0.9431,0.2074,0.2175,0.1771,0.1474,0.1101,0.0604,0.0352,0.0215,0.0234,15.8000,0.2618,0.6458,0.0924,13.8000,0.3590,0.6410,64.0000,58.0000,10.0000,0.0314,0.8907,0.0779
Westminster-Branson,0.0530,0.9470,0.1969,0.2566,0.1871,0.1295,0.0891,0.0511,0.0317,0.0215,0.0366,24.4000,0.1950,0.5708,0.2343,20.3000,0.3812,0.6188,62.0000,56.0000,9.0000,0.0374,0.8330,0.1296
Weston,0.0500,0.9500,0.1858,0.2348,0.1772,0.1404,0.1069,0.0630,0.0353,0.0245,0.0320,29.6000,0.2751,0.6027,0.1223,25.1000,0.3786,0.6214,62.0000,56.0000,10.6000,0.0386,0.8705,0.0910
Weston-Pelham Park,0.0483,0.9517,0.1890,0.2358,0.1806,0.1254,0.0936,0.0686,0.0491,0.0268,0.0312,20.4000,0.2286,0.6505,0.1209,18.5000,0.3668,0.6332,63.0000,58.0000,8.5000,0.0293,0.8685,0.1022
Wexford-Maryvale,0.0525,0.9475,0.1814,0.2120,0.1855,0.1354,0.1078,0.0716,0.0451,0.0272,0.0340,19.2000,0.2763,0.6121,0.1116,15.4000,0.3855,0.6145,62.0000,56.0000,9.0000,0.0303,0.8727,0.0969
Willowdale East,0.0635,0.9365,0.2694,0.1647,0.1079,0.0925,0.0864,0.0722,0.0578,0.0460,0.1032,30.3000,0.1696,0.7407,0.0897,26.7000,0.3895,0.6105,61.0000,56.0000,9.0000,0.0399,0.8065,0.1535
Willowdale West,0.0445,0.9555,0.2424,0.1839,0.1163,0.0974,0.0813,0.0662,0.0578,0.0459,0.1089,27.1000,0.1068,0.6762,0.2170,23.6000,0.4206,0.5794,58.0000,52.0000,9.8000,0.0418,0.8107,0.1475
Willowridge-Martingrove-Richview,0.0454,0.9546,0.1532,0.1802,0.1656,0.1326,0.1121,0.0808,0.0535,0.0439,0.0780,15.0000,0.3108,0.5225,0.1667,11.2000,0.4151,0.5849,59.0000,54.0000,8.5000,0.0295,0.8619,0.1086
Woburn,0.0632,0.9368,0.2204,0.2373,0.1783,0.1292,0.0937,0.0582,0.0356,0.0204,0.0268,27.2000,0.2958,0.5882,0.1160,22.0000,0.4197,0.5803,58.0000,52.0000,11.0000,0.0473,0.8705,0.0822
Woodbine Corridor,0.0337,0.9663,0.1354,0.1759,0.1277,0.0995,0.0954,0.0826,0.0718,0.0651,0.1467,15.8000,0.1913,0.6505,0.1582,13.9000,0.2806,0.7194,72.0000,66.0000,7.7000,0.0261,0.8398,0.1341
Woodbine-Lumsden,0.0329,0.9671,0.1368,0.1855,0.1406,0.1128,0.1051,0.0927,0.0734,0.0587,0.0943,15.2000,0.1737,0.6229,0.2034,13.5000,0.2987,0.7013,70.0000,66.0000,6.6000,0.0181,0.8806,0.1013
Wychwood,0.0300,0.9700,0.1517,0.1972,0.1590,0.1095,0.0945,0.0754,0.0527,0.0404,0.1195,16.7000,0.1295,0.6386,0.2318,15.6000,0.3083,0.6917,69.0000,66.0000,5.2000,0.0159,0.8239,0.1602
Yonge-Eglinton,0.0410,0.9590,0.1381,0.1183,0.1105,0.1089,0.1027,0.0834,0.0677,0.0521,0.2183,12.0000,0.1404,0.7509,0.1088,11.1000,0.2680,0.7320,73.0000,68.0000,6.9000,0.0191,0.8237,0.1572
Yonge-St.Clair,0.0237,0.9763,0.1168,0.1086,0.1031,0.1072,0.1044,0.0907,0.0678,0.0559,0.2455,12.9000,0.1038,0.7799,0.1164,12.1000,0.3057,0.6943,69.0000,65.0000,5.9000,0.0149,0.8103,0.1748
York University Heights,0.0533,0.9467,0.2307,0.2247,0.1811,0.1386,0.0995,0.0555,0.0326,0.0169,0.0204,24.4000,0.2418,0.6749,0.0833,22.5000,0.3701,0.6299,63.0000,56.0000,11.0000,0.0462,0.8809,0.0728
Yorkdale-Glen Park,0.0497,0.9503,0.1635,0.1970,0.1888,0.1491,0.1068,0.0658,0.0410,0.0340,0.0541,16.8000,0.2770,0.5729,0.1501,13.9000,0.3998,0.6002,60.0000,55.0000,8.0000,0.0283,0.8728,0.0988
